step,secs,tou_price,s0_c1,s0_c2,s0_c3,s0_c4,s0_c5,s0_active_load_kw,pv_0,s1_c1,s1_c2,s1_c3,s1_c4,s1_c5,s1_active_load_kw,pv_1,s2_c1,s2_c2,s2_c3,s2_c4,s2_c5,s2_active_load_kw,pv_2,s3_c1,s3_c2,s3_c3,s3_c4,s3_c5,s3_active_load_kw,pv_3,s4_c1,s4_c2,s4_c3,s4_c4,s4_c5,s4_active_load_kw,pv_4,temperature_c,humidity_pct,cloud_amount,precipitation_mm,snow_cm,wind_speed_ms,wind_direction_deg,pressure_hpa,sea_level_pressure_hpa,solar_radiation_mj_m2,current_PTY
0,0,84.5,0,1,0,0,0,46.311,0.0,0,0,0,0,0,0.0,0.0,0,0,0,0,0,0.0,0.0,1,0,0,0,0,46.377,0.0,0,0,0,0,0,0.0,0.0,13.875,96.501,10.0,0.925,0.0,2.725,290.0,994.917,1005.017,0.0,1
0,600,84.5,0,1,0,0,0,46.359,0.0,0,0,0,0,0,0.0,0.0,0,0,0,0,0,0.0,0.0,1,0,0,0,0,46.308,0.0,0,0,0,0,0,0.0,0.0,13.825,95.501,10.0,0.775,0.0,2.575,290.0,994.95,1005.05,0.0,1
0,1200,84.5,0,1,0,0,0,46.153,0.0,0,0,0,0,0,0.0,0.0,0,0,0,0,0,0.0,0.0,1,0,0,0,0,46.16,0.0,0,1,0,0,0,40.193,0.0,13.775,94.501,10.0,0.625,0.0,2.425,290.0,994.983,1005.083,0.0,1
0,1800,84.5,0,1,0,0,0,46.269,0.0,0,0,0,0,0,0.0,0.0,0,0,0,0,0,0.0,0.0,1,0,0,0,0,46.219,0.0,0,0,0,0,0,19.024,0.0,13.725,93.501,10.0,0.475,0.0,2.275,290.0,995.017,1005.117,0.0,1
0,2400,84.5,0,1,0,0,0,46.166,0.0,0,0,0,0,0,0.0,0.0,0,0,0,0,0,0.0,0.0,1,0,0,0,0,46.186,0.0,0,0,0,0,0,0.0,0.0,13.675,92.501,10.0,0.325,0.0,2.125,290.0,995.05,1005.15,0.0,1
0,3000,84.5,0,1,0,0,0,46.414,0.0,0,0,0,0,0,0.0,0.0,0,0,0,0,0,18.268,0.0,1,0,0,0,0,46.328,0.0,0,0,0,0,0,0.0,0.0,13.625,91.501,10.0,0.175,0.0,1.975,290.0,995.083,1005.183,0.0,1
1,0,84.5,0,1,0,0,0,46.307,0.0,0,0,0,0,0,0.0,0.0,0,0,0,0,0,8.559,0.0,1,0,0,0,0,46.234,0.0,0,0,0,0,0,0.0,0.0,13.592,91.333,10.0,0.092,0.0,2.025,250.0,995.125,1005.225,0.0,1
1,600,84.5,0,1,0,0,0,46.4,0.0,0,0,0,0,0,0.0,0.0,0,0,0,0,0,0.0,0.0,1,0,0,0,0,46.278,0.0,0,0,0,0,0,0.0,0.0,13.575,91.999,10.0,0.075,0.0,2.275,250.0,995.175,1005.275,0.0,1
1,1200,84.5,0,1,0,0,0,46.215,0.0,0,0,0,0,0,0.0,0.0,0,0,0,0,0,0.0,0.0,1,0,0,0,0,46.2,0.0,0,0,0,0,0,0.0,0.0,13.558,92.666,10.0,0.058,0.0,2.525,250.0,995.225,1005.325,0.0,1
1,1800,84.5,0,1,0,0,0,46.323,0.0,0,0,0,0,0,0.0,0.0,0,0,0,0,0,0.0,0.0,1,0,0,0,0,46.424,0.0,0,0,0,0,0,0.0,0.0,13.542,93.333,10.0,0.042,0.0,2.775,250.0,995.275,1005.375,0.0,1
1,2400,84.5,0,1,0,0,0,46.18,0.0,0,0,0,0,0,0.0,0.0,0,0,0,0,0,0.0,0.0,1,0,0,0,0,46.261,0.0,0,0,0,0,0,0.0,0.0,13.525,93.999,10.0,0.025,0.0,3.025,250.0,995.325,1005.425,0.0,1
1,3000,84.5,0,0,0,0,0,12.605,0.0,0,0,0,0,0,0.0,0.0,0,0,0,0,0,0.0,0.0,0,0,0,0,0,16.149,0.0,0,0,0,0,0,0.0,0.0,13.508,94.666,10.0,0.008,0.0,3.275,250.0,995.375,1005.475,0.0,1
2,0,84.5,0,0,0,0,0,0.0,0.0,0,0,0,0,0,0.0,0.0,0,0,0,0,0,0.0,0.0,0,0,0,0,0,0.0,0.0,0,0,0,0,0,0.0,0.0,13.417,94.667,9.917,0.0,0.0,3.383,270.0,995.492,1005.6,0.0,0
2,600,84.5,0,0,0,0,0,0.0,0.0,0,0,0,0,0,0.0,0.0,0,0,0,0,0,0.0,0.0,0,0,0,0,0,0.0,0.0,0,0,0,0,0,0.0,0.0,13.25,94.001,9.75,0.0,0.0,3.35,270.0,995.675,1005.8,0.0,0
2,1200,84.5,0,0,0,0,0,0.0,0.0,0,0,0,0,0,0.0,0.0,0,0,0,0,0,0.0,0.0,0,0,0,0,0,0.0,0.0,0,0,0,0,0,0.0,0.0,13.083,93.334,9.583,0.0,0.0,3.317,270.0,995.858,1006.0,0.0,0
2,1800,84.5,0,0,0,0,0,0.0,0.0,0,0,0,0,0,0.0,0.0,0,0,0,0,0,0.0,0.0,0,0,0,0,0,0.0,0.0,0,0,0,0,0,0.0,0.0,12.917,92.667,9.417,0.0,0.0,3.283,270.0,996.042,1006.2,0.0,0
2,2400,84.5,0,0,0,0,0,0.0,0.0,0,0,0,0,0,4.531,0.0,0,0,0,0,0,0.0,0.0,0,0,0,0,0,0.0,0.0,0,0,0,0,0,0.0,0.0,12.75,92.001,9.25,0.0,0.0,3.25,270.0,996.225,1006.4,0.0,0
2,3000,84.5,0,0,0,0,0,0.0,0.0,0,1,0,0,0,46.218,0.0,0,0,0,0,0,0.0,0.0,0,0,0,0,0,0.0,0.0,0,0,0,0,0,0.0,0.0,12.583,91.334,9.083,0.0,0.0,3.217,270.0,996.408,1006.6,0.0,0
3,0,84.5,0,0,0,0,0,0.0,0.0,0,1,0,0,0,46.337,0.0,0,0,0,0,0,0.0,0.0,0,0,0,0,0,0.0,0.0,0,0,0,0,0,0.0,0.0,12.442,91.0,8.834,0.0,0.0,3.217,270.0,996.567,1006.767,0.0,0
3,600,84.5,0,0,0,0,0,0.0,0.0,0,1,0,0,0,46.244,0.0,0,0,0,0,0,0.0,0.0,0,0,0,0,0,0.0,0.0,0,0,0,0,0,0.0,0.0,12.325,91.0,8.5,0.0,0.0,3.25,270.0,996.7,1006.9,0.0,0
3,1200,84.5,0,0,0,0,0,0.0,0.0,0,1,0,0,0,46.161,0.0,0,0,0,0,0,0.0,0.0,0,0,0,0,0,0.0,0.0,0,0,0,0,0,0.0,0.0,12.208,91.0,8.167,0.0,0.0,3.283,270.0,996.833,1007.033,0.0,0
3,1800,84.5,0,0,0,0,0,0.0,0.0,0,1,0,0,0,46.22,0.0,0,0,0,0,1,4.648,0.0,0,0,0,0,0,0.0,0.0,0,0,0,0,0,0.0,0.0,12.092,91.0,7.834,0.0,0.0,3.317,270.0,996.967,1007.167,0.0,0
3,2400,84.5,0,0,0,0,0,0.0,0.0,0,0,0,0,0,3.907,0.0,0,0,0,0,1,6.486,0.0,0,0,0,0,0,0.0,0.0,0,0,0,0,0,0.0,0.0,11.975,91.0,7.5,0.0,0.0,3.35,270.0,997.1,1007.3,0.0,0
3,3000,84.5,0,0,0,0,0,0.0,0.0,0,0,0,0,0,0.0,0.0,0,0,0,0,1,5.744,0.0,0,0,0,0,0,0.0,0.0,0,0,0,0,0,0.0,0.0,11.858,91.0,7.167,0.0,0.0,3.383,270.0,997.233,1007.433,0.0,0
4,0,84.5,0,0,0,0,0,0.0,0.0,0,0,0,0,0,0.0,0.0,0,0,0,0,0,0.0,0.0,0,0,0,0,0,0.0,0.0,0,0,0,0,0,0.0,0.0,11.725,91.0,6.834,0.0,0.0,3.342,270.0,997.358,1007.567,0.0,0
4,600,84.5,0,0,0,0,0,0.0,0.0,0,0,0,0,0,0.0,0.0,0,0,0,0,0,0.0,0.0,0,0,0,0,0,0.0,0.0,0,0,0,0,0,0.0,0.0,11.575,91.0,6.5,0.0,0.0,3.225,270.0,997.475,1007.7,0.0,0
4,1200,84.5,0,0,0,0,0,0.0,0.0,0,0,0,0,0,0.0,0.0,0,0,0,0,0,0.0,0.0,0,0,0,0,0,0.0,0.0,0,0,0,0,0,0.0,0.0,11.425,91.0,6.167,0.0,0.0,3.108,270.0,997.592,1007.833,0.0,0
4,1800,84.5,0,0,0,0,0,0.0,0.0,0,0,0,0,0,0.0,0.0,0,0,0,0,0,0.0,0.0,0,0,0,0,0,0.0,0.0,0,0,0,0,0,0.0,0.0,11.275,91.0,5.834,0.0,0.0,2.992,270.0,997.708,1007.967,0.0,0
4,2400,84.5,0,0,0,0,0,0.0,0.0,0,0,0,0,0,0.0,0.0,0,0,0,0,0,0.0,0.0,0,0,0,0,0,0.0,0.0,0,0,0,0,0,0.0,0.0,11.125,91.0,5.5,0.0,0.0,2.875,270.0,997.825,1008.1,0.0,0
4,3000,84.5,0,0,0,0,0,0.0,0.0,0,0,0,0,0,0.0,0.0,0,0,0,0,0,0.0,0.0,0,0,0,0,0,0.0,0.0,0,0,0,0,0,0.0,0.0,10.975,91.0,5.167,0.0,0.0,2.758,270.0,997.942,1008.233,0.0,0
5,0,84.5,0,0,0,0,0,0.0,0.0,0,0,0,0,0,0.0,0.0,0,0,0,0,0,0.0,0.0,0,0,0,0,0,0.0,0.0,0,0,0,0,0,0.0,0.0,10.867,91.083,4.917,0.0,0.0,2.75,250.0,998.083,1008.383,0.0,0
5,600,84.5,0,0,0,0,0,0.0,0.0,0,0,0,0,0,0.0,0.0,0,0,0,0,0,0.0,0.0,0,0,0,0,0,0.0,0.0,0,0,0,0,0,0.0,0.0,10.8,91.25,4.75,0.0,0.0,2.85,250.0,998.25,1008.55,0.0,0
5,1200,84.5,0,0,0,0,0,0.0,0.0,0,0,0,0,0,0.0,0.0,0,0,0,0,0,0.0,0.0,0,0,0,0,0,0.0,0.0,0,0,0,0,0,0.0,0.0,10.733,91.417,4.583,0.0,0.0,2.95,250.0,998.417,1008.717,0.0,0
5,1800,84.5,0,0,0,0,0,0.0,0.0,0,0,0,0,0,0.0,0.0,0,0,0,0,0,0.0,0.0,0,0,0,0,0,0.0,0.0,0,0,0,0,0,0.0,0.0,10.667,91.583,4.417,0.0,0.0,3.05,250.0,998.583,1008.883,0.0,0
5,2400,84.5,0,0,0,0,0,0.0,0.0,0,0,0,0,0,0.0,0.0,0,0,0,0,0,0.0,0.0,0,0,0,0,0,0.0,0.0,0,0,0,0,0,0.0,0.0,10.6,91.75,4.25,0.0,0.0,3.15,250.0,998.75,1009.05,0.0,0
5,3000,84.5,0,0,0,0,0,0.0,0.0,0,0,0,0,0,0.0,0.0,0,0,0,0,0,0.0,0.0,0,0,0,0,0,0.0,0.0,0,0,0,0,0,0.0,0.0,10.533,91.917,4.083,0.0,0.0,3.25,250.0,998.917,1009.217,0.0,0
6,0,84.5,0,0,0,0,0,0.0,0.0,0,0,0,0,0,0.0,0.0,0,0,0,0,0,0.0,0.0,0,0,0,0,0,0.0,0.0,0,0,0,1,0,3.826,0.0,10.525,91.917,4.25,0.0,0.0,3.25,250.0,998.992,1009.292,0.003,0
6,600,84.5,0,0,0,0,0,0.0,0.0,0,0,0,0,0,0.0,0.0,0,0,0,0,0,0.0,0.0,0,0,0,0,0,0.0,0.0,0,0,0,1,0,6.479,0.0,10.575,91.75,4.75,0.0,0.0,3.15,250.0,998.975,1009.275,0.01,0
6,1200,84.5,0,0,0,0,0,0.0,0.0,0,0,0,0,0,3.081,0.0,0,0,0,0,0,0.0,0.0,0,0,0,0,0,0.0,0.0,0,0,0,1,0,6.486,0.0,10.625,91.583,5.25,0.0,0.0,3.05,250.0,998.958,1009.258,0.017,0
6,1800,84.5,0,0,0,0,0,0.0,0.0,0,0,0,0,0,0.0,0.0,0,0,0,0,0,0.0,0.0,0,0,0,0,0,0.0,0.0,0,0,0,1,0,6.474,0.0,10.675,91.417,5.75,0.0,0.0,2.95,250.0,998.942,1009.242,0.023,0
6,2400,84.5,0,0,0,0,0,0.0,0.0,0,0,0,0,0,20.814,0.0,0,0,0,0,0,0.0,0.0,0,0,0,0,0,0.0,0.0,0,0,0,1,0,8.548,0.0,10.725,91.25,6.25,0.0,0.0,2.85,250.0,998.925,1009.225,0.03,0
6,3000,84.5,0,0,0,0,0,0.0,0.0,0,1,0,0,0,46.122,0.0,0,0,0,0,0,0.0,0.0,0,0,0,0,0,0.0,0.0,0,0,1,1,0,12.953,0.0,10.775,91.083,6.75,0.0,0.0,2.75,250.0,998.908,1009.208,0.037,0
7,0,111.9,0,0,0,0,0,0.0,0.0,0,1,0,0,0,46.241,0.0,0,0,0,0,0,0.0,0.0,0,0,0,0,0,0.0,0.0,0,0,1,1,0,12.968,0.0,10.9,90.667,6.917,0.0,0.0,2.767,230.0,998.983,1009.275,0.047,0
7,600,111.9,0,0,0,0,0,0.0,0.335,0,1,0,0,0,46.279,0.336,0,0,0,0,0,0.0,0.351,0,0,1,0,0,5.503,0.351,0,0,1,1,0,12.953,0.326,11.1,90.001,6.75,0.0,0.0,2.9,230.0,999.15,1009.425,0.06,0
7,1200,111.9,0,0,0,0,0,0.0,0.633,0,1,0,0,0,46.319,0.676,0,0,0,0,0,6.823,0.662,0,0,1,0,0,6.462,0.675,0,0,1,1,0,12.986,0.633,11.3,89.334,6.583,0.0,0.0,3.033,230.0,999.317,1009.575,0.073,0
7,1800,111.9,0,0,0,0,0,0.0,0.796,0,1,0,0,0,46.222,0.816,0,1,0,0,0,46.174,0.782,0,1,1,0,0,29.834,0.811,0,0,1,1,0,33.49,0.803,11.5,88.667,6.417,0.0,0.0,3.167,230.0,999.483,1009.725,0.087,0
7,2400,111.9,0,0,0,0,0,0.0,0.932,0,1,0,0,0,25.103,0.915,0,1,0,0,0,46.276,0.921,0,1,1,1,0,56.453,0.967,0,1,1,1,0,59.185,0.942,11.7,88.001,6.25,0.0,0.0,3.3,230.0,999.65,1009.875,0.1,0
7,3000,111.9,0,0,0,0,0,0.677,1.111,0,0,0,0,0,0.0,1.13,0,1,0,0,0,47.717,1.104,0,1,1,1,0,59.269,1.095,0,1,1,1,0,43.654,1.169,11.9,87.334,6.083,0.0,0.0,3.433,230.0,999.817,1010.025,0.113,0
8,0,111.9,0,1,1,0,0,46.264,1.152,0,0,0,0,0,0.0,1.176,0,1,0,0,1,52.675,1.188,0,1,1,1,0,59.659,1.146,0,0,1,1,0,14.272,1.15,12.058,86.667,6.083,0.0,0.0,3.525,200.0,999.892,1010.092,0.121,0
8,600,111.9,0,1,1,0,0,52.654,1.143,0,0,0,0,0,0.0,1.152,0,1,1,0,1,59.175,1.149,0,1,1,1,1,70.692,1.157,0,0,1,1,1,39.922,1.155,12.175,86.001,6.25,0.0,0.0,3.575,200.0,999.875,1010.075,0.122,0
8,1200,111.9,0,1,1,0,0,52.688,1.137,0,0,0,0,0,20.594,1.143,0,1,1,0,1,56.778,1.135,1,1,1,1,1,111.801,1.141,1,0,1,1,1,49.728,1.139,12.292,85.334,6.417,0.0,0.0,3.625,200.0,999.858,1010.058,0.124,0
8,1800,111.9,0,0,1,0,0,19.527,1.132,1,0,1,0,0,52.698,1.104,0,1,1,0,1,63.076,1.105,1,1,1,0,1,106.686,1.122,1,1,1,1,1,93.961,1.127,12.408,84.667,6.583,0.0,0.0,3.675,200.0,999.842,1010.042,0.126,0
8,2400,111.9,0,0,1,0,0,10.556,1.092,1,0,1,0,0,58.918,1.063,1,1,1,0,1,102.574,1.061,1,1,1,0,1,105.169,1.112,1,1,1,1,1,87.778,1.089,12.525,84.001,6.75,0.0,0.0,3.725,200.0,999.825,1010.025,0.128,0
8,3000,111.9,0,0,1,0,0,6.471,1.063,1,1,1,0,0,98.875,1.077,1,0,1,0,1,64.234,1.068,1,1,1,0,1,105.692,1.063,0,0,1,1,1,35.678,1.061,12.642,83.334,6.917,0.0,0.0,3.775,200.0,999.808,1010.008,0.129,0
9,0,111.9,0,0,1,0,0,5.935,1.196,1,1,1,0,0,98.864,1.196,0,0,1,1,1,16.523,1.176,1,1,1,0,1,105.169,1.159,0,0,0,0,1,15.477,1.156,12.792,82.085,6.667,0.0,0.0,3.858,200.0,999.892,1010.092,0.135,0
9,600,111.9,0,0,0,1,1,16.789,1.424,1,0,1,0,0,64.7,1.429,0,0,1,1,1,19.395,1.441,1,1,1,0,1,105.504,1.431,0,1,0,0,1,53.382,1.425,12.975,80.252,6.001,0.0,0.0,3.975,200.0,1000.075,1010.275,0.145,0
9,1200,111.9,0,1,1,1,1,65.512,1.701,1,1,0,0,0,84.701,1.711,1,0,1,1,1,46.825,1.75,1,1,1,0,1,105.456,1.687,0,1,0,1,1,59.257,1.681,13.158,78.418,5.334,0.0,0.0,4.092,200.0,1000.258,1010.458,0.155,0
9,1800,111.9,0,1,1,1,0,61.666,1.981,1,1,0,0,0,92.607,1.996,1,0,1,1,1,65.404,2.0,1,1,1,1,1,111.762,2.011,0,1,0,1,1,59.196,1.991,13.342,76.585,4.667,0.0,0.0,4.208,200.0,1000.442,1010.642,0.165,0
9,2400,111.9,0,1,1,1,0,57.977,2.337,1,1,0,0,0,92.461,2.366,1,0,1,1,1,62.631,2.34,1,1,1,0,1,107.379,2.299,1,1,1,1,1,96.568,2.305,13.525,74.752,4.001,0.0,0.0,4.325,200.0,1000.625,1010.825,0.175,0
9,3000,111.9,0,1,1,0,0,52.548,2.629,1,1,0,0,0,92.348,2.701,1,1,0,1,1,84.294,2.63,1,1,1,1,1,111.847,2.665,1,1,1,1,1,110.7,2.632,13.708,72.918,3.334,0.0,0.0,4.442,200.0,1000.808,1011.008,0.185,0
10,0,111.9,0,1,1,0,0,52.655,2.971,1,1,0,0,0,93.692,2.969,1,1,0,1,1,105.083,2.987,1,1,1,1,1,111.742,2.971,1,1,1,1,1,95.506,2.923,13.9,71.418,2.834,0.0,0.0,4.492,250.0,1000.967,1011.167,0.195,0
10,600,111.9,0,1,1,0,0,52.697,3.227,1,1,1,0,0,93.018,3.225,1,1,0,1,1,106.856,3.224,1,1,1,1,1,109.545,3.248,1,1,1,1,1,111.569,3.213,14.1,70.251,2.5,0.0,0.0,4.475,250.0,1001.1,1011.3,0.205,0
10,1200,111.9,0,1,1,0,0,52.801,3.5,0,1,1,0,0,52.578,3.502,1,1,1,1,1,112.23,3.478,1,1,0,1,1,107.759,3.531,1,1,1,1,1,111.966,3.499,14.3,69.084,2.167,0.0,0.0,4.458,250.0,1001.233,1011.433,0.215,0
10,1800,111.9,0,1,0,0,0,46.287,3.802,0,1,1,0,0,56.021,3.794,1,1,1,1,1,111.996,3.808,1,1,1,0,1,107.926,3.809,1,1,1,1,1,112.174,3.79,14.5,67.918,1.834,0.0,0.0,4.442,250.0,1001.367,1011.567,0.225,0
10,2400,111.9,0,1,0,0,0,46.259,4.096,0,1,1,1,0,58.633,4.101,1,1,1,1,1,110.266,4.093,1,1,1,1,1,111.656,4.104,1,1,1,1,1,111.939,4.096,14.7,66.751,1.5,0.0,0.0,4.425,250.0,1001.5,1011.7,0.235,0
10,3000,111.9,0,1,1,0,0,50.782,4.412,0,0,1,0,1,11.242,4.408,1,1,1,1,0,106.169,4.468,1,1,1,1,1,112.173,4.408,1,1,1,1,1,111.587,4.406,14.9,65.584,1.167,0.0,0.0,4.408,250.0,1001.633,1011.833,0.245,0
11,0,111.9,0,1,1,0,0,52.639,4.802,0,0,1,0,0,6.475,4.815,1,1,1,1,1,112.03,4.79,1,1,1,1,1,112.022,4.788,1,1,1,1,1,107.779,4.823,15.166,64.251,1.0,0.0,0.0,4.417,270.0,1001.717,1011.9,0.263,0
11,600,111.9,0,1,1,0,0,52.757,5.307,0,0,1,0,0,6.494,5.29,1,1,1,1,1,111.637,5.284,1,1,1,1,1,112.108,5.333,1,1,1,0,0,99.075,5.319,15.5,62.751,1.0,0.0,0.0,4.45,270.0,1001.75,1011.9,0.29,0
11,1200,111.9,0,1,1,0,0,52.735,5.781,0,0,1,0,0,9.119,5.793,1,1,1,1,0,108.443,5.806,1,1,0,1,1,105.879,5.802,0,1,1,0,1,81.003,5.79,15.833,61.251,1.0,0.0,0.0,4.483,270.0,1001.783,1011.9,0.317,0
11,1800,111.9,0,1,1,0,0,56.184,6.294,0,1,1,1,1,58.371,6.273,1,1,0,1,1,104.536,6.277,1,1,0,1,1,103.363,6.279,0,1,1,0,1,59.306,6.28,16.166,59.751,1.0,0.0,0.0,4.517,270.0,1001.817,1011.9,0.343,0
11,2400,111.9,1,1,0,0,1,98.62,6.781,0,1,1,1,1,65.899,6.772,1,1,0,0,1,99.012,6.784,1,1,0,0,1,98.859,6.739,0,1,1,0,1,59.138,6.776,16.5,58.251,1.0,0.0,0.0,4.55,270.0,1001.85,1011.9,0.37,0
11,3000,111.9,1,1,0,0,1,81.42,7.251,0,0,1,1,1,41.727,7.251,1,0,0,0,1,56.157,7.279,1,1,0,0,1,98.913,7.28,0,1,1,0,1,52.298,7.269,16.833,56.751,1.0,0.0,0.0,4.583,270.0,1001.883,1011.9,0.397,0
12,0,111.9,1,0,1,1,1,64.775,7.4,0,0,1,1,1,19.442,7.384,1,0,0,0,1,55.355,7.39,1,1,0,0,1,100.877,7.37,0,0,1,0,1,13.006,7.397,17.033,55.501,1.0,0.0,0.0,4.675,230.0,1001.908,1011.908,0.404,0
12,600,111.9,1,0,1,1,1,65.742,7.158,0,0,1,1,1,18.353,7.176,1,0,0,0,1,52.767,7.181,1,0,0,0,1,68.124,7.194,1,1,1,1,1,87.857,7.194,17.1,54.501,1.0,0.0,0.0,4.825,230.0,1001.925,1011.925,0.393,0
12,1200,111.9,1,0,1,1,1,65.837,6.966,1,1,1,0,1,93.171,6.972,1,0,0,0,1,52.816,6.945,1,0,0,0,1,52.584,6.974,1,1,1,1,0,105.271,6.976,17.167,53.501,1.0,0.0,0.0,4.975,230.0,1001.942,1011.942,0.381,0
12,1800,111.9,1,0,1,1,1,65.583,6.749,1,1,1,1,1,107.482,6.728,1,0,0,0,1,52.755,6.791,1,0,0,0,1,52.658,6.786,1,1,1,1,0,105.051,6.775,17.233,52.501,1.0,0.0,0.0,5.125,230.0,1001.958,1011.958,0.369,0
12,2400,111.9,1,0,1,1,1,65.777,6.545,1,1,1,1,0,105.285,6.514,1,1,0,0,1,91.181,6.53,1,0,0,1,1,55.835,6.532,1,1,1,1,0,104.585,6.523,17.3,51.501,1.0,0.0,0.0,5.275,230.0,1001.975,1011.975,0.358,0
12,3000,111.9,1,1,1,1,1,81.34,6.345,1,1,1,1,0,108.158,6.335,1,1,0,0,1,100.905,6.328,1,0,0,1,1,58.995,6.317,1,1,0,1,0,99.882,6.322,17.367,50.501,1.0,0.0,0.0,5.425,230.0,1001.992,1011.992,0.346,0
13,0,174.0,0,1,1,1,0,58.976,6.086,1,1,0,1,1,106.069,6.071,1,1,0,1,1,105.611,6.122,1,0,0,1,1,66.904,6.065,1,1,0,1,0,98.648,6.144,17.442,49.667,1.0,0.0,0.0,5.483,250.0,1002.0,1012.0,0.333,0
13,600,174.0,0,1,1,1,0,50.198,5.767,0,0,0,1,1,46.337,5.821,1,1,0,1,1,107.827,5.796,0,1,0,1,1,57.435,5.811,1,1,0,1,1,105.118,5.789,17.525,49.001,1.0,0.0,0.0,5.45,250.0,1002.0,1012.0,0.318,0
13,1200,174.0,0,0,1,1,0,13.33,5.54,0,0,0,1,0,15.483,5.554,1,1,1,1,1,111.68,5.522,1,0,0,1,1,59.369,5.514,1,1,0,1,0,100.278,5.527,17.608,48.334,1.0,0.0,0.0,5.417,250.0,1002.0,1012.0,0.303,0
13,1800,174.0,0,0,1,1,1,25.571,5.282,0,1,1,1,1,64.331,5.312,1,1,1,1,1,111.881,5.239,0,0,0,1,1,26.088,5.213,1,1,1,1,1,109.559,5.278,17.692,47.667,1.0,0.0,0.0,5.383,250.0,1002.0,1012.0,0.288,0
13,2400,174.0,1,0,1,1,1,65.881,5.007,0,0,1,1,1,24.649,5.023,1,1,1,1,1,112.004,5.024,0,0,0,1,1,12.937,4.982,1,1,1,1,1,111.728,4.995,17.775,47.001,1.0,0.0,0.0,5.35,250.0,1002.0,1012.0,0.273,0
13,3000,174.0,1,0,1,1,1,64.377,4.694,0,0,1,1,1,19.44,4.716,1,1,1,1,1,109.378,4.703,0,0,0,1,1,12.94,4.691,1,1,1,1,1,112.278,4.713,17.858,46.334,1.0,0.0,0.0,5.317,250.0,1002.0,1012.0,0.258,0
14,0,174.0,1,0,1,0,0,52.816,4.478,0,0,0,1,1,14.041,4.44,0,1,1,1,1,63.125,4.428,0,0,0,1,1,12.94,4.433,1,1,1,1,1,112.049,4.455,17.908,45.334,0.917,0.0,0.0,5.308,250.0,1002.033,1012.033,0.242,0
14,600,174.0,1,0,1,0,0,53.327,4.194,0,0,1,1,1,34.965,4.216,0,1,1,1,0,59.245,4.205,0,1,1,1,1,48.099,4.254,1,1,1,1,1,111.713,4.223,17.925,44.001,0.75,0.0,0.0,5.325,250.0,1002.1,1012.1,0.225,0
14,1200,174.0,1,0,1,0,1,59.217,3.982,0,1,1,1,1,66.011,3.991,0,1,1,1,0,59.3,3.974,0,1,1,1,1,79.364,3.957,1,1,1,1,1,111.766,3.963,17.942,42.668,0.583,0.0,0.0,5.342,250.0,1002.167,1012.167,0.208,0
14,1800,174.0,1,0,1,0,1,80.354,3.687,0,1,1,1,1,65.267,3.708,0,1,1,1,0,59.307,3.713,1,1,1,1,1,111.581,3.696,1,1,1,1,1,111.591,3.694,17.958,41.334,0.417,0.0,0.0,5.358,250.0,1002.233,1012.233,0.192,0
14,2400,174.0,1,1,1,0,1,105.707,3.416,0,1,1,0,1,59.489,3.417,0,1,1,1,0,58.991,3.453,1,1,1,0,1,107.082,3.431,1,1,1,1,1,112.039,3.441,17.975,40.001,0.25,0.0,0.0,5.375,250.0,1002.3,1012.3,0.175,0
14,3000,174.0,1,1,0,0,1,101.593,3.168,0,1,1,0,0,55.303,3.161,0,0,1,0,0,20.004,3.121,1,1,1,0,1,108.035,3.142,1,1,1,1,1,102.167,3.132,17.992,38.668,0.083,0.0,0.0,5.392,250.0,1002.367,1012.367,0.158,0
15,0,174.0,1,1,0,1,1,105.708,2.954,0,1,1,0,0,52.537,2.978,0,0,1,0,0,6.484,2.974,1,0,1,1,1,53.059,2.961,1,1,1,1,1,112.025,2.968,18.017,37.75,0.0,0.0,0.0,5.4,250.0,1002.417,1012.417,0.148,0
15,600,174.0,1,1,0,1,1,105.376,2.92,1,1,0,0,0,87.744,2.89,0,0,1,0,0,3.724,2.885,1,0,1,1,1,57.197,2.919,1,1,1,0,1,108.558,2.88,18.05,37.25,0.0,0.0,0.0,5.4,250.0,1002.45,1012.45,0.145,0
15,1200,174.0,1,1,1,1,1,108.872,2.777,1,1,0,0,0,92.358,2.844,1,0,0,0,0,25.675,2.854,1,0,1,1,0,53.145,2.826,1,1,1,0,1,105.592,2.877,18.083,36.75,0.0,0.0,0.0,5.4,250.0,1002.483,1012.483,0.142,0
15,1800,174.0,1,1,1,1,1,111.931,2.768,1,1,0,0,0,92.744,2.782,1,0,1,0,1,59.211,2.799,0,0,1,1,0,12.903,2.733,1,1,1,0,1,104.209,2.757,18.117,36.25,0.0,0.0,0.0,5.4,250.0,1002.517,1012.517,0.138,0
15,2400,174.0,1,0,1,1,1,77.2,2.705,1,1,0,0,1,99.27,2.705,1,0,1,0,1,59.021,2.708,0,0,1,1,0,12.924,2.712,0,1,1,0,1,59.203,2.736,18.15,35.75,0.0,0.0,0.0,5.4,250.0,1002.55,1012.55,0.135,0
15,3000,174.0,1,1,1,0,1,84.119,2.66,1,0,1,0,1,72.375,2.622,1,0,1,0,1,59.004,2.63,0,0,1,1,1,19.332,2.67,0,1,1,0,1,59.274,2.608,18.183,35.25,0.0,0.0,0.0,5.4,250.0,1002.583,1012.583,0.132,0
16,0,174.0,1,1,1,0,1,103.018,2.547,1,0,1,0,1,59.168,2.574,1,0,0,0,1,53.978,2.555,0,0,1,1,1,29.419,2.562,0,1,1,0,1,56.434,2.516,18.158,34.834,0.0,0.0,0.0,5.408,230.0,1002.642,1012.642,0.128,0
16,600,174.0,1,1,1,0,1,105.008,2.44,1,0,1,0,1,59.268,2.483,1,0,0,0,1,52.619,2.427,0,1,1,1,1,65.732,2.483,0,1,1,0,0,52.758,2.478,18.075,34.5,0.0,0.0,0.0,5.425,230.0,1002.725,1012.725,0.123,0
16,1200,174.0,1,1,1,0,1,105.242,2.382,1,0,1,0,1,59.17,2.348,1,0,0,0,1,54.207,2.349,0,1,1,1,1,65.713,2.373,0,1,1,0,0,52.629,2.354,17.992,34.167,0.0,0.0,0.0,5.442,230.0,1002.808,1012.808,0.118,0
16,1800,174.0,1,1,1,0,1,105.495,2.226,1,0,1,0,1,57.719,2.257,1,0,0,0,1,52.748,2.265,0,1,1,1,1,65.622,2.262,1,1,1,0,0,76.926,2.237,17.908,33.834,0.0,0.0,0.0,5.458,230.0,1002.892,1012.892,0.113,0
16,2400,174.0,1,1,1,1,1,110.009,2.137,1,0,1,0,1,58.601,2.156,1,0,0,0,1,55.128,2.151,0,0,1,1,1,36.832,2.176,1,1,1,1,0,103.211,2.146,17.825,33.5,0.0,0.0,0.0,5.475,230.0,1002.975,1012.975,0.108,0
16,3000,174.0,1,1,1,1,1,111.868,2.035,1,1,0,0,1,85.096,2.017,1,0,0,1,1,59.292,2.102,0,0,0,1,1,12.965,2.048,1,1,1,1,1,110.411,2.051,17.742,33.167,0.0,0.0,0.0,5.492,230.0,1003.058,1013.058,0.103,0
17,0,174.0,1,1,1,1,1,108.759,1.938,0,1,0,0,1,52.809,1.934,1,0,0,1,1,59.272,1.986,1,0,0,1,0,43.014,1.987,1,1,1,1,1,112.137,1.974,17.617,33.25,0.0,0.0,0.0,5.433,250.0,1003.175,1013.183,0.098,0
17,600,174.0,1,0,0,1,1,73.417,1.788,0,1,0,0,1,52.724,1.855,1,0,0,1,1,59.169,1.849,1,1,0,1,0,86.236,1.879,1,1,1,0,1,106.958,1.833,17.45,33.75,0.0,0.0,0.0,5.3,250.0,1003.325,1013.35,0.093,0
17,1200,174.0,1,1,0,1,1,95.619,1.756,1,1,0,0,1,87.703,1.739,1,0,0,1,1,59.11,1.781,1,1,0,1,0,98.729,1.743,1,1,1,0,1,105.483,1.748,17.283,34.25,0.0,0.0,0.0,5.167,250.0,1003.475,1013.517,0.088,0
17,1800,174.0,1,1,0,1,1,105.806,1.628,1,1,0,0,1,99.102,1.639,1,0,0,0,0,51.494,1.646,1,1,0,1,0,98.268,1.661,1,1,1,1,1,109.021,1.654,17.117,34.75,0.0,0.0,0.0,5.033,250.0,1003.625,1013.683,0.083,0
17,2400,174.0,1,1,0,1,1,108.595,1.557,1,1,1,0,1,104.362,1.534,1,0,0,0,0,46.249,1.541,1,0,0,1,1,59.011,1.539,1,1,1,1,1,111.766,1.55,16.95,35.25,0.0,0.0,0.0,4.9,250.0,1003.775,1013.85,0.078,0
17,3000,174.0,1,1,1,1,1,105.535,1.443,1,1,1,1,1,111.822,1.467,1,0,0,0,0,46.177,1.43,1,0,0,1,1,59.257,1.494,1,1,1,1,1,111.757,1.468,16.783,35.75,0.0,0.0,0.0,4.767,250.0,1003.925,1014.017,0.073,0
18,0,111.9,0,1,1,1,0,61.211,1.353,1,1,1,1,1,111.705,1.367,1,1,0,0,0,82.39,1.311,1,0,0,1,1,73.978,1.387,1,1,1,1,0,108.059,1.369,16.55,36.666,0.0,0.0,0.0,4.567,230.0,1004.075,1014.183,0.068,0
18,600,111.9,0,1,1,1,1,65.788,1.238,1,1,1,1,1,111.141,1.253,1,1,1,0,0,99.029,1.263,1,1,0,1,1,82.41,1.236,1,1,1,1,1,112.209,1.253,16.25,37.999,0.0,0.0,0.0,4.3,230.0,1004.225,1014.35,0.063,0
18,1200,111.9,1,1,1,1,1,102.509,1.133,1,1,1,1,1,109.875,1.172,1,1,1,0,0,98.866,1.141,0,1,0,1,1,58.844,1.143,1,1,1,1,1,111.677,1.184,15.95,39.332,0.0,0.0,0.0,4.034,230.0,1004.375,1014.517,0.058,0
18,1800,111.9,1,1,1,1,1,111.631,1.044,1,1,1,1,1,112.156,1.034,1,1,1,0,0,98.726,1.038,0,1,1,1,0,56.088,1.074,1,1,0,1,1,108.239,1.066,15.65,40.666,0.0,0.0,0.0,3.767,230.0,1004.525,1014.683,0.053,0
18,2400,111.9,1,1,1,1,1,111.455,0.944,1,1,1,1,1,87.477,0.963,1,1,1,1,0,105.128,0.971,0,1,1,1,0,61.513,0.928,1,1,0,1,1,105.447,0.96,15.35,41.999,0.0,0.0,0.0,3.5,230.0,1004.675,1014.85,0.048,0
18,3000,111.9,1,1,1,1,1,111.94,0.891,1,0,0,0,1,52.997,0.881,1,1,1,1,1,111.821,0.854,0,1,1,1,1,65.542,0.885,1,1,0,1,1,105.44,0.846,15.05,43.332,0.0,0.0,0.0,3.234,230.0,1004.825,1015.017,0.043,0
19,0,111.9,1,1,1,1,1,111.942,0.75,1,0,0,0,1,57.305,0.763,1,1,1,1,1,111.036,0.716,0,1,1,1,1,65.803,0.734,1,1,0,1,1,105.405,0.765,14.8,44.0,0.0,0.0,0.0,3.075,230.0,1004.967,1015.167,0.037,0
19,600,111.9,1,1,1,1,1,111.852,0.639,0,1,0,0,1,69.754,0.619,1,1,0,0,1,99.946,0.605,0,1,1,1,1,66.545,0.647,1,1,0,1,1,105.795,0.64,14.6,44.0,0.0,0.0,0.0,3.025,230.0,1005.1,1015.3,0.03,0
19,1200,111.9,1,1,1,1,1,110.638,0.145,0,1,0,0,1,52.652,0.132,1,1,0,0,1,99.246,0.155,0,1,1,0,1,61.237,0.127,1,1,0,1,1,105.375,0.142,14.4,44.0,0.0,0.0,0.0,2.975,230.0,1005.233,1015.433,0.023,0
19,1800,111.9,1,1,1,0,1,84.05,0.0,0,1,0,0,1,52.886,0.0,1,1,0,0,1,98.891,0.0,0,1,1,0,0,53.479,0.0,1,1,0,1,1,105.75,0.0,14.2,44.0,0.0,0.0,0.0,2.925,230.0,1005.367,1015.567,0.017,0
19,2400,111.9,0,1,1,0,1,59.149,0.0,0,1,0,0,1,52.584,0.0,1,1,0,0,1,98.922,0.0,0,1,1,0,1,58.583,0.0,1,1,0,1,1,105.241,0.0,14.0,44.0,0.0,0.0,0.0,2.875,230.0,1005.5,1015.7,0.01,0
19,3000,111.9,0,1,1,0,1,59.155,0.0,0,1,0,0,1,33.013,0.0,1,1,0,0,1,98.81,0.0,0,1,1,0,1,58.91,0.0,1,1,0,0,1,71.555,0.0,13.8,44.0,0.0,0.0,0.0,2.825,230.0,1005.633,1015.833,0.003,0
20,0,111.9,0,1,1,0,1,59.017,0.0,0,0,0,0,1,6.455,0.0,1,1,0,0,1,98.977,0.0,0,1,1,1,1,65.229,0.0,0,0,0,0,1,13.554,0.0,13.625,44.582,0.0,0.0,0.0,2.75,200.0,1005.808,1016.016,0.0,0
20,600,111.9,1,0,1,0,1,62.293,0.0,0,0,0,0,1,6.48,0.0,1,1,0,0,1,82.296,0.0,0,1,0,1,1,59.869,0.0,0,0,0,0,1,23.501,0.0,13.475,45.749,0.0,0.0,0.0,2.65,200.0,1006.025,1016.25,0.0,0
20,1200,111.9,1,0,1,0,1,59.056,0.0,0,0,0,0,1,3.478,0.0,1,1,0,0,1,92.226,0.0,0,1,0,1,0,55.225,0.0,0,1,0,0,1,52.64,0.0,13.325,46.916,0.0,0.0,0.0,2.55,200.0,1006.241,1016.483,0.0,0
20,1800,111.9,1,0,1,0,1,62.048,0.0,0,1,0,0,0,45.248,0.0,1,1,0,0,1,98.85,0.0,0,1,0,1,0,52.633,0.0,0,1,0,0,1,52.819,0.0,13.175,48.082,0.0,0.0,0.0,2.45,200.0,1006.458,1016.716,0.0,0
20,2400,111.9,1,0,1,1,1,65.756,0.0,0,1,0,0,0,46.198,0.0,1,1,0,0,1,97.801,0.0,0,1,0,1,0,38.302,0.0,0,1,0,0,1,52.785,0.0,13.025,49.249,0.0,0.0,0.0,2.35,200.0,1006.675,1016.95,0.0,0
20,3000,111.9,1,0,1,1,1,65.575,0.0,0,1,0,0,0,46.408,0.0,1,1,0,0,1,98.755,0.0,0,0,0,1,0,6.471,0.0,0,1,0,0,1,52.825,0.0,12.875,50.416,0.0,0.0,0.0,2.25,200.0,1006.891,1017.183,0.0,0
21,0,111.9,1,0,1,1,1,65.708,0.0,0,1,0,0,0,46.179,0.0,1,1,0,0,1,98.816,0.0,0,0,0,1,0,6.463,0.0,0,1,0,0,1,35.999,0.0,12.758,51.499,0.0,0.0,0.0,2.158,230.0,1007.058,1017.358,0.0,0
21,600,111.9,1,0,1,1,1,65.627,0.0,0,0,0,0,0,14.547,0.0,1,1,0,0,1,99.125,0.0,0,0,0,1,0,6.481,0.0,0,0,0,0,1,6.483,0.0,12.675,52.499,0.0,0.0,0.0,2.075,230.0,1007.175,1017.475,0.0,0
21,1200,111.9,1,0,1,1,0,61.72,0.0,0,0,0,0,0,0.0,0.0,1,1,0,0,1,98.751,0.0,0,0,0,1,0,6.487,0.0,0,0,0,0,0,2.447,0.0,12.592,53.499,0.0,0.0,0.0,1.992,230.0,1007.292,1017.592,0.0,0
21,1800,111.9,1,0,1,1,0,59.252,0.0,0,1,0,0,0,30.89,0.0,1,1,0,0,1,99.213,0.0,0,0,0,1,0,6.475,0.0,0,0,0,1,0,6.48,0.0,12.508,54.499,0.0,0.0,0.0,1.908,230.0,1007.408,1017.708,0.0,0
21,2400,111.9,1,0,1,1,0,59.134,0.0,1,1,0,0,0,88.046,0.0,1,1,0,0,1,98.816,0.0,0,0,0,1,0,6.454,0.0,0,0,0,1,0,6.468,0.0,12.425,55.499,0.0,0.0,0.0,1.825,230.0,1007.525,1017.825,0.0,0
21,3000,111.9,1,0,1,1,0,59.295,0.0,1,0,0,0,0,39.237,0.0,1,1,0,0,1,98.972,0.0,0,0,0,1,0,6.465,0.0,0,0,0,1,0,6.47,0.0,12.342,56.499,0.0,0.0,0.0,1.742,230.0,1007.642,1017.942,0.0,0
22,0,111.9,1,0,1,1,0,58.161,0.0,0,0,0,0,0,0.0,0.0,0,1,0,0,1,71.273,0.0,0,0,0,1,0,6.482,0.0,0,0,0,1,0,6.46,0.0,12.225,57.166,0.0,0.0,0.0,1.65,200.0,1007.717,1018.017,0.0,0
22,600,111.9,1,0,1,0,0,52.649,0.0,0,0,0,0,0,0.0,0.0,0,1,0,0,1,52.643,0.0,0,0,0,1,0,15.844,0.0,0,0,0,1,0,6.469,0.0,12.075,57.5,0.0,0.0,0.0,1.55,200.0,1007.75,1018.05,0.0,0
22,1200,111.9,1,0,1,0,0,52.769,0.0,0,0,0,0,0,0.0,0.0,0,1,0,0,1,52.629,0.0,0,1,0,1,0,52.747,0.0,0,0,1,1,0,11.253,0.0,11.925,57.833,0.0,0.0,0.0,1.45,200.0,1007.783,1018.083,0.0,0
22,1800,111.9,1,0,1,0,0,52.756,0.0,0,0,0,0,0,0.0,0.0,0,1,0,0,1,55.609,0.0,0,1,0,1,0,52.554,0.0,0,0,1,1,0,15.665,0.0,11.775,58.166,0.0,0.0,0.0,1.35,200.0,1007.817,1018.117,0.0,0
22,2400,111.9,1,0,1,0,0,52.551,0.0,0,0,0,0,0,20.59,0.0,0,1,1,0,1,59.242,0.0,0,1,0,1,0,52.771,0.0,0,0,1,0,1,15.948,0.0,11.625,58.5,0.0,0.0,0.0,1.25,200.0,1007.85,1018.15,0.0,0
22,3000,111.9,1,0,1,0,0,52.617,0.0,1,0,0,0,0,46.31,0.0,1,1,1,0,1,103.138,0.0,0,0,0,1,0,19.268,0.0,0,0,1,0,0,9.039,0.0,11.475,58.833,0.0,0.0,0.0,1.15,200.0,1007.883,1018.183,0.0,0
23,0,111.9,1,0,1,0,0,52.802,0.0,1,0,0,0,0,46.254,0.0,1,1,1,0,1,103.8,0.0,0,0,0,1,0,6.47,0.0,0,0,1,0,1,12.931,0.0,11.342,59.749,0.0,0.0,0.0,1.058,230.0,1007.908,1018.217,0.0,0
23,600,111.9,1,0,1,0,0,52.781,0.0,1,0,0,0,0,46.275,0.0,0,1,1,0,1,59.108,0.0,0,0,0,1,0,6.482,0.0,0,0,1,0,1,11.624,0.0,11.225,61.249,0.0,0.0,0.0,0.975,230.0,1007.925,1018.25,0.0,0
23,1200,111.9,1,0,1,0,0,52.651,0.0,1,0,0,1,0,72.217,0.0,0,1,0,0,1,54.496,0.0,0,0,1,1,0,12.756,0.0,0,0,1,0,0,6.485,0.0,11.108,62.749,0.0,0.0,0.0,0.892,230.0,1007.942,1018.283,0.0,0
23,1800,111.9,1,0,0,0,1,50.888,0.0,1,1,0,0,0,93.095,0.0,0,0,1,0,1,21.643,0.0,0,0,1,1,0,12.939,0.0,0,0,1,0,0,6.438,0.0,10.992,64.249,0.0,0.0,0.0,0.808,230.0,1007.958,1018.317,0.0,0
23,2400,111.9,1,0,0,0,1,63.632,0.0,1,0,0,0,0,54.438,0.0,0,0,1,1,1,19.418,0.0,0,0,1,1,0,12.977,0.0,0,0,1,0,0,22.186,0.0,10.875,65.749,0.0,0.0,0.0,0.725,230.0,1007.975,1018.35,0.0,0
23,3000,111.9,1,1,0,0,1,98.815,0.0,1,0,0,0,0,46.186,0.0,0,0,1,1,1,19.394,0.0,0,0,1,1,0,12.915,0.0,1,0,1,0,0,52.86,0.0,10.758,67.249,0.0,0.0,0.0,0.642,230.0,1007.992,1018.383,0.0,0
24,0,84.5,1,1,0,0,1,99.094,0.0,1,0,0,0,0,46.336,0.0,0,0,1,1,1,19.424,0.0,0,0,0,1,0,6.964,0.0,1,0,1,0,0,52.617,0.0,10.658,68.083,0.0,0.0,0.0,0.567,360.0,1008.0,1018.4,0.0,0
24,600,84.5,1,1,0,0,1,98.823,0.0,1,0,0,0,0,46.2,0.0,0,0,1,1,1,19.442,0.0,0,0,0,1,0,6.467,0.0,1,0,1,0,0,52.801,0.0,10.575,68.25,0.0,0.0,0.0,0.5,360.0,1008.0,1018.4,0.0,0
24,1200,84.5,1,1,0,0,0,92.13,0.0,1,1,0,0,0,73.725,0.0,0,0,1,1,1,19.429,0.0,0,0,0,1,0,6.48,0.0,1,0,1,0,0,52.713,0.0,10.492,68.417,0.0,0.0,0.0,0.433,360.0,1008.0,1018.4,0.0,0
24,1800,84.5,1,0,0,0,0,46.025,0.0,1,1,0,0,0,92.425,0.0,0,0,1,1,1,16.981,0.0,0,0,0,1,0,6.462,0.0,1,0,1,0,0,49.51,0.0,10.408,68.583,0.0,0.0,0.0,0.367,360.0,1008.0,1018.4,0.0,0
24,2400,84.5,1,0,0,0,0,46.18,0.0,1,1,0,0,0,92.609,0.0,0,0,1,0,0,7.893,0.0,0,0,0,1,0,6.495,0.0,1,0,0,0,0,46.189,0.0,10.325,68.75,0.0,0.0,0.0,0.3,360.0,1008.0,1018.4,0.0,0
24,3000,84.5,1,0,0,0,0,46.228,0.0,1,1,0,0,0,92.453,0.0,0,0,1,0,0,4.384,0.0,0,0,0,0,0,1.383,0.0,1,0,0,0,0,46.291,0.0,10.242,68.917,0.0,0.0,0.0,0.233,360.0,1008.0,1018.4,0.0,0
25,0,84.5,1,0,0,0,0,46.244,0.0,1,1,0,0,0,92.56,0.0,1,0,0,0,0,35.586,0.0,0,0,0,0,0,0.0,0.0,0,0,0,0,0,21.186,0.0,10.158,69.0,0.0,0.0,0.0,0.242,0.0,1007.992,1018.392,0.0,0
25,600,84.5,1,0,0,0,0,46.411,0.0,1,1,0,0,0,92.239,0.0,1,0,0,0,0,46.298,0.0,0,0,0,0,0,0.0,0.0,0,0,0,0,0,0.0,0.0,10.075,69.0,0.0,0.0,0.0,0.325,0.0,1007.975,1018.375,0.0,0
25,1200,84.5,1,0,0,0,0,30.938,0.0,1,1,0,0,0,92.374,0.0,1,0,0,0,0,46.185,0.0,0,0,0,0,0,0.0,0.0,0,0,0,0,0,0.0,0.0,9.992,69.0,0.0,0.0,0.0,0.408,0.0,1007.958,1018.358,0.0,0
25,1800,84.5,0,0,0,0,0,0.0,0.0,1,1,0,0,0,92.724,0.0,1,0,0,0,0,46.341,0.0,0,0,0,0,0,0.0,0.0,0,0,0,0,0,0.0,0.0,9.908,69.0,0.0,0.0,0.0,0.492,0.0,1007.942,1018.342,0.0,0
25,2400,84.5,0,0,0,0,0,0.0,0.0,0,1,0,0,0,49.177,0.0,1,0,0,0,0,46.231,0.0,0,0,0,0,0,0.0,0.0,0,0,0,0,0,0.0,0.0,9.825,69.0,0.0,0.0,0.0,0.575,0.0,1007.925,1018.325,0.0,0
25,3000,84.5,0,0,0,0,0,0.0,0.0,0,1,0,0,0,46.199,0.0,0,0,0,0,0,9.628,0.0,0,0,0,0,0,0.0,0.0,0,0,0,0,0,0.0,0.0,9.742,69.0,0.0,0.0,0.0,0.658,0.0,1007.908,1018.308,0.0,0
26,0,84.5,0,0,0,0,0,0.0,0.0,0,1,0,0,0,46.134,0.0,0,0,0,0,0,0.0,0.0,0,0,0,0,0,0.0,0.0,0,0,0,0,0,0.0,0.0,9.667,69.25,0.0,0.0,0.0,0.758,360.0,1007.883,1018.283,0.0,0
26,600,84.5,0,0,0,0,0,0.0,0.0,0,1,0,0,0,46.316,0.0,0,0,0,0,0,0.0,0.0,0,0,0,0,0,0.0,0.0,0,0,0,0,0,0.0,0.0,9.6,69.75,0.0,0.0,0.0,0.875,360.0,1007.85,1018.25,0.0,0
26,1200,84.5,0,0,0,0,0,0.0,0.0,0,1,0,0,0,46.201,0.0,0,0,0,0,0,0.0,0.0,0,0,0,0,0,0.0,0.0,0,0,0,0,0,0.0,0.0,9.533,70.25,0.0,0.0,0.0,0.992,360.0,1007.817,1018.217,0.0,0
26,1800,84.5,0,0,0,0,0,12.103,0.0,0,1,0,0,0,46.21,0.0,0,0,0,0,0,0.0,0.0,0,0,0,0,0,0.0,0.0,0,0,1,0,0,4.905,0.0,9.467,70.75,0.0,0.0,0.0,1.108,360.0,1007.783,1018.183,0.0,0
26,2400,84.5,0,1,0,0,0,38.678,0.0,0,1,0,0,0,46.32,0.0,0,0,0,0,0,0.0,0.0,0,0,0,0,0,0.0,0.0,0,0,1,0,0,20.782,0.0,9.4,71.25,0.0,0.0,0.0,1.225,360.0,1007.75,1018.15,0.0,0
26,3000,84.5,0,0,0,0,0,0.0,0.0,0,1,0,0,0,46.321,0.0,0,0,0,0,0,0.0,0.0,0,0,0,0,0,0.0,0.0,0,0,0,0,0,0.541,0.0,9.333,71.75,0.0,0.0,0.0,1.342,360.0,1007.717,1018.117,0.0,0
27,0,84.5,0,0,0,0,0,0.0,0.0,0,1,0,0,0,46.353,0.0,0,0,0,0,0,0.0,0.0,0,0,0,0,0,0.705,0.0,0,0,0,0,0,0.0,0.0,9.258,71.917,0.0,0.0,0.0,1.417,20.0,1007.717,1018.117,0.0,0
27,600,84.5,0,0,0,0,0,0.0,0.0,0,1,0,0,0,46.159,0.0,0,0,0,0,0,0.0,0.0,0,0,0,1,0,6.454,0.0,0,0,0,0,0,0.0,0.0,9.175,71.75,0.0,0.0,0.0,1.45,20.0,1007.75,1018.15,0.0,0
27,1200,84.5,0,0,0,0,0,0.0,0.0,0,1,0,0,0,46.162,0.0,0,0,0,0,0,0.0,0.0,0,0,0,1,0,6.454,0.0,0,0,0,0,0,0.0,0.0,9.092,71.583,0.0,0.0,0.0,1.483,20.0,1007.783,1018.183,0.0,0
27,1800,84.5,0,0,0,0,0,0.0,0.0,0,1,0,0,0,46.267,0.0,0,0,0,0,0,0.0,0.0,0,0,0,1,0,3.46,0.0,0,0,0,0,0,0.0,0.0,9.008,71.417,0.0,0.0,0.0,1.517,20.0,1007.817,1018.217,0.0,0
27,2400,84.5,0,0,0,0,0,0.0,0.0,0,1,0,0,0,46.291,0.0,0,0,0,0,0,0.0,0.0,0,0,0,0,0,0.0,0.0,0,0,0,0,0,0.0,0.0,8.925,71.25,0.0,0.0,0.0,1.55,20.0,1007.85,1018.25,0.0,0
27,3000,84.5,0,0,0,0,0,0.0,0.0,0,1,0,0,0,46.408,0.0,0,0,0,0,0,0.0,0.0,0,0,0,0,0,0.0,0.0,0,0,1,0,0,5.578,0.0,8.842,71.083,0.0,0.0,0.0,1.583,20.0,1007.883,1018.283,0.0,0
28,0,84.5,0,0,0,0,0,0.0,0.0,0,1,0,0,0,46.411,0.0,0,0,0,0,0,0.0,0.0,0,0,0,0,0,0.757,0.0,0,0,1,0,0,6.489,0.0,8.758,71.083,0.0,0.0,0.0,1.617,360.0,1007.9,1018.308,0.0,0
28,600,84.5,0,0,0,0,0,0.0,0.0,0,1,0,0,0,46.442,0.0,0,0,0,0,0,0.0,0.0,0,0,1,0,0,6.485,0.0,0,0,1,1,0,19.016,0.0,8.675,71.25,0.0,0.0,0.0,1.65,360.0,1007.9,1018.325,0.0,0
28,1200,84.5,0,0,0,0,0,0.0,0.0,0,1,0,0,0,38.807,0.0,0,0,0,0,0,0.0,0.0,0,0,1,0,0,6.478,0.0,0,1,1,1,0,59.252,0.0,8.592,71.417,0.0,0.0,0.0,1.683,360.0,1007.9,1018.342,0.0,0
28,1800,84.5,0,0,0,0,0,0.0,0.0,0,0,0,0,0,0.0,0.0,0,0,0,0,0,0.0,0.0,0,0,1,0,0,26.353,0.0,0,1,1,1,0,59.147,0.0,8.508,71.583,0.0,0.0,0.0,1.717,360.0,1007.9,1018.358,0.0,0
28,2400,84.5,0,0,0,0,0,0.0,0.0,0,0,0,0,0,0.0,0.0,0,0,0,0,0,0.0,0.0,0,1,0,0,0,46.43,0.0,0,1,1,1,0,36.149,0.0,8.425,71.75,0.0,0.0,0.0,1.75,360.0,1007.9,1018.375,0.0,0
28,3000,84.5,0,0,0,0,0,0.0,0.0,0,0,0,0,0,0.0,0.0,0,0,0,0,0,11.627,0.0,0,1,0,0,0,46.204,0.0,0,0,1,0,0,6.808,0.0,8.342,71.917,0.0,0.0,0.0,1.783,360.0,1007.9,1018.392,0.0,0
29,0,84.5,0,0,0,0,0,0.0,0.0,0,0,0,0,0,0.0,0.0,0,1,0,0,0,46.25,0.0,0,1,0,0,0,46.266,0.0,0,0,1,0,1,11.923,0.0,8.267,72.333,0.0,0.0,0.0,1.808,50.0,1007.9,1018.4,0.0,0
29,600,84.5,0,0,0,0,0,0.0,0.0,0,0,0,0,0,0.0,0.0,0,1,0,0,0,46.268,0.0,0,0,0,0,0,6.326,0.0,0,0,1,0,1,12.922,0.0,8.2,72.999,0.0,0.0,0.0,1.825,50.0,1007.9,1018.4,0.0,0
29,1200,84.5,0,0,0,0,0,0.0,0.0,0,0,0,0,0,0.0,0.0,0,1,0,0,0,46.187,0.0,0,0,0,0,0,0.0,0.0,0,0,1,0,1,29.051,0.0,8.133,73.666,0.0,0.0,0.0,1.842,50.0,1007.9,1018.4,0.0,0
29,1800,84.5,0,0,0,0,0,0.0,0.0,0,0,0,0,0,0.0,0.0,0,1,0,0,0,39.947,0.0,0,0,0,0,0,0.0,0.0,0,1,1,0,1,59.352,0.0,8.067,74.333,0.0,0.0,0.0,1.858,50.0,1007.9,1018.4,0.0,0
29,2400,84.5,0,0,0,0,0,0.0,0.0,0,0,0,0,0,0.0,0.0,0,0,0,0,0,0.0,0.0,0,0,0,0,0,0.0,0.0,0,1,1,0,1,59.223,0.0,8.0,74.999,0.0,0.0,0.0,1.875,50.0,1007.9,1018.4,0.0,0
29,3000,84.5,0,0,0,0,0,0.0,0.0,0,0,0,0,0,0.0,0.0,0,0,0,0,0,0.0,0.0,0,0,0,0,0,0.0,0.0,0,1,1,0,0,55.709,0.0,7.933,75.666,0.0,0.0,0.0,1.892,50.0,1007.9,1018.4,0.0,0
30,0,84.5,0,0,0,0,0,2.814,0.0,0,0,0,0,0,0.0,0.0,0,0,0,0,0,0.0,0.0,0,0,0,0,0,0.0,0.0,0,0,1,0,0,11.118,0.0,7.992,75.75,0.0,0.0,0.0,1.867,50.0,1007.917,1018.408,0.003,0
30,600,84.5,0,0,0,0,1,6.478,0.0,0,0,0,0,0,0.0,0.0,0,0,0,0,0,0.0,0.0,0,0,0,0,0,0.0,0.0,0,0,1,0,0,6.499,0.0,8.175,75.25,0.0,0.0,0.0,1.8,50.0,1007.95,1018.425,0.01,0
30,1200,84.5,0,0,0,0,1,6.473,0.0,0,0,0,0,0,0.0,0.0,0,0,0,0,0,0.0,0.0,0,0,0,0,0,0.0,0.0,0,0,1,0,0,6.487,0.0,8.358,74.75,0.0,0.0,0.0,1.733,50.0,1007.983,1018.442,0.017,0
30,1800,84.5,0,0,0,0,1,6.481,0.126,0,0,0,0,0,0.0,0.124,0,0,0,0,0,0.0,0.136,0,0,0,0,0,0.0,0.148,0,0,1,0,0,7.902,0.141,8.542,74.25,0.0,0.0,0.0,1.667,50.0,1008.017,1018.458,0.023,0
30,2400,84.5,0,0,0,0,1,6.469,0.642,0,0,0,0,0,0.0,0.619,0,0,0,0,0,0.0,0.631,0,0,0,0,0,0.0,0.618,1,0,1,1,0,37.728,0.636,8.725,73.75,0.0,0.0,0.0,1.6,50.0,1008.05,1018.475,0.03,0
30,3000,84.5,0,0,0,0,1,6.485,0.721,0,0,0,0,0,0.0,0.749,0,0,0,0,0,0.0,0.75,0,0,0,0,0,0.0,0.773,1,0,1,1,0,59.347,0.738,8.908,73.25,0.0,0.0,0.0,1.533,50.0,1008.083,1018.492,0.037,0
31,0,111.9,0,0,0,0,1,6.472,0.964,0,0,0,0,0,3.025,0.927,0,0,0,0,0,0.0,0.901,0,0,0,0,0,0.0,0.918,1,0,1,1,0,59.314,0.953,9.225,71.918,0.083,0.0,0.0,1.608,70.0,1008.083,1018.475,0.046,0
31,600,111.9,0,1,0,0,1,31.543,1.083,0,0,1,0,0,6.446,1.144,0,0,0,0,0,0.0,1.108,0,0,1,0,0,6.343,1.113,1,0,1,0,0,55.542,1.131,9.675,69.752,0.25,0.0,0.0,1.825,70.0,1008.05,1018.425,0.057,0
31,1200,111.9,0,0,0,0,1,8.661,1.343,0,0,1,0,0,6.48,1.287,0,0,0,0,0,0.0,1.324,0,0,1,0,0,6.481,1.354,1,0,1,0,0,52.687,1.351,10.125,67.585,0.417,0.0,0.0,2.041,70.0,1008.017,1018.375,0.069,0
31,1800,111.9,0,0,0,0,0,0.449,1.529,0,0,1,0,0,6.463,1.488,0,0,0,0,0,17.806,1.53,0,0,1,1,0,11.746,1.546,1,0,1,0,0,52.777,1.534,10.575,65.418,0.583,0.0,0.0,2.258,70.0,1007.983,1018.325,0.081,0
31,2400,111.9,0,0,1,0,0,6.472,1.718,0,0,1,0,0,6.492,1.7,0,0,0,0,0,7.082,1.731,0,0,1,1,0,12.978,1.73,1,0,1,0,0,52.853,1.712,11.025,63.252,0.75,0.0,0.0,2.475,70.0,1007.95,1018.275,0.092,0
31,3000,111.9,0,0,1,0,0,6.48,1.926,0,0,1,0,1,11.541,1.895,0,0,0,0,0,0.0,1.972,0,0,1,1,0,12.951,1.905,1,0,1,0,0,52.626,1.907,11.475,61.085,0.917,0.0,0.0,2.691,70.0,1007.917,1018.225,0.104,0
32,0,111.9,1,0,1,0,0,37.562,2.014,0,0,1,1,0,10.546,2.026,0,0,0,0,0,0.86,2.012,0,0,1,1,0,12.944,1.994,1,1,1,0,0,83.839,2.022,11.925,59.085,1.166,0.0,0.0,2.8,50.0,1007.867,1018.158,0.112,0
32,600,111.9,1,0,1,1,0,59.747,2.075,0,0,1,1,0,12.951,2.042,0,1,0,0,1,32.572,2.064,0,0,1,0,0,8.311,2.052,1,1,1,0,0,83.741,2.09,12.375,57.252,1.5,0.0,0.0,2.8,50.0,1007.8,1018.075,0.117,0
32,1200,111.9,1,0,1,0,1,61.383,2.086,0,0,1,1,0,16.343,2.026,1,1,0,0,1,84.332,2.064,0,0,1,0,0,6.47,2.055,1,0,1,1,0,58.708,2.024,12.825,55.418,1.833,0.0,0.0,2.8,50.0,1007.733,1017.992,0.122,0
32,1800,111.9,1,0,1,0,1,59.189,2.076,0,1,1,1,0,59.095,2.096,0,1,0,1,1,61.898,2.105,0,1,1,0,0,51.681,2.102,1,0,1,1,0,59.186,2.08,13.275,53.585,2.166,0.0,0.0,2.8,50.0,1007.667,1017.908,0.127,0
32,2400,111.9,1,0,1,0,1,59.279,2.095,0,1,1,1,0,59.098,2.076,0,1,1,1,1,65.541,2.105,0,1,1,0,0,66.347,2.071,1,1,1,1,1,93.051,2.07,13.725,51.752,2.5,0.0,0.0,2.8,50.0,1007.6,1017.825,0.132,0
32,3000,111.9,1,0,1,0,1,59.302,2.075,0,1,1,1,0,58.966,2.074,0,1,1,1,1,65.764,2.063,1,1,1,0,0,100.547,2.104,1,1,1,1,1,111.485,2.096,14.175,49.918,2.833,0.0,0.0,2.8,50.0,1007.533,1017.742,0.137,0
33,0,111.9,1,0,1,0,1,59.376,2.062,0,1,1,1,0,59.285,2.034,0,1,1,1,1,65.649,2.04,1,1,0,0,1,98.788,2.051,1,1,1,1,1,111.728,2.096,14.583,48.168,3.499,0.0,0.0,2.792,50.0,1007.442,1017.633,0.147,0
33,600,111.9,1,0,1,0,1,59.254,1.994,0,1,0,1,0,38.3,1.967,1,1,1,1,1,90.522,1.992,1,1,0,0,1,98.756,1.98,1,1,1,1,1,109.279,1.95,14.95,46.501,4.499,0.0,0.0,2.775,50.0,1007.325,1017.5,0.16,0
33,1200,111.9,1,0,1,0,1,59.308,1.843,1,0,0,1,1,37.385,1.851,1,1,1,1,1,111.471,1.831,1,1,0,0,1,98.994,1.863,1,1,0,1,1,105.26,1.827,15.316,44.835,5.499,0.0,0.0,2.758,50.0,1007.208,1017.367,0.173,0
33,1800,111.9,1,0,1,0,1,58.484,1.687,1,0,0,1,0,52.662,1.631,1,1,1,1,1,112.1,1.69,1,1,0,0,1,99.116,1.705,1,1,1,1,1,109.283,1.664,15.683,43.168,6.499,0.0,0.0,2.742,50.0,1007.092,1017.233,0.187,0
33,2400,111.9,0,0,0,1,1,42.599,1.469,1,0,0,1,0,52.669,1.461,1,1,1,1,1,111.882,1.48,1,1,0,0,1,98.985,1.45,1,1,1,1,1,112.019,1.426,16.05,41.501,7.499,0.0,0.0,2.725,50.0,1006.975,1017.1,0.2,0
33,3000,111.9,0,1,0,1,1,61.611,1.166,1,0,0,1,0,52.587,1.188,1,1,1,1,1,111.907,1.148,1,1,1,0,1,103.332,1.166,1,1,1,1,1,110.023,1.196,16.416,39.835,8.499,0.0,0.0,2.708,50.0,1006.858,1016.967,0.213,0
34,0,111.9,1,1,0,1,1,105.515,1.098,1,0,0,1,0,52.675,1.111,1,1,0,1,1,108.217,1.09,1,1,1,0,1,105.556,1.12,1,1,1,1,1,108.546,1.114,16.75,38.917,9.0,0.0,0.0,2.584,70.0,1006.783,1016.875,0.235,0
34,600,111.9,1,1,0,1,1,105.187,1.211,1,0,1,1,1,64.086,1.243,1,1,0,1,1,106.303,1.216,1,1,1,1,0,105.258,1.258,1,1,1,1,1,108.878,1.248,17.05,38.75,9.0,0.0,0.0,2.35,70.0,1006.75,1016.825,0.265,0
34,1200,111.9,1,1,0,0,1,102.525,1.408,1,0,1,1,1,65.55,1.388,1,1,1,1,1,111.828,1.391,0,1,1,1,0,60.704,1.421,1,1,1,1,1,111.825,1.401,17.35,38.583,9.0,0.0,0.0,2.117,70.0,1006.717,1016.775,0.295,0
34,1800,111.9,0,1,1,1,1,80.581,1.531,1,0,1,1,1,65.798,1.519,1,1,1,1,1,111.806,1.529,0,1,1,1,0,64.098,1.516,1,1,1,1,1,111.945,1.521,17.65,38.417,9.0,0.0,0.0,1.884,70.0,1006.683,1016.725,0.325,0
34,2400,111.9,0,1,1,1,1,65.789,1.675,1,0,1,1,1,65.514,1.693,1,1,1,1,1,111.696,1.661,1,1,0,1,0,99.12,1.683,1,1,1,1,1,111.984,1.669,17.95,38.25,9.0,0.0,0.0,1.65,70.0,1006.65,1016.675,0.355,0
34,3000,111.9,0,1,1,1,1,65.677,1.816,1,0,1,1,1,65.748,1.817,1,1,1,1,1,111.759,1.823,1,1,0,1,0,98.91,1.831,1,1,1,1,1,112.023,1.83,18.25,38.083,9.0,0.0,0.0,1.417,70.0,1006.617,1016.625,0.385,0
35,0,111.9,0,1,1,1,1,82.597,1.965,1,0,1,1,1,65.67,1.938,1,1,1,1,1,109.991,1.96,1,1,0,1,0,89.629,1.979,1,1,1,1,1,109.284,1.947,18.566,37.584,8.917,0.0,0.0,1.45,110.0,1006.567,1016.567,0.404,0
35,600,111.9,0,1,1,1,1,65.64,2.106,1,0,1,1,1,64.273,2.107,1,1,1,0,1,105.376,2.122,0,1,0,1,0,52.746,2.127,1,1,0,1,1,105.288,2.133,18.9,36.751,8.75,0.0,0.0,1.75,110.0,1006.5,1016.5,0.412,0
35,1200,111.9,0,1,1,1,1,65.627,2.264,1,0,0,1,1,59.273,2.281,1,1,1,0,1,105.924,2.261,0,1,0,0,0,48.39,2.241,1,1,0,1,1,105.072,2.284,19.233,35.917,8.583,0.0,0.0,2.05,110.0,1006.433,1016.433,0.421,0
35,1800,111.9,0,1,1,1,1,66.004,2.438,1,0,0,1,1,60.452,2.419,1,1,1,0,1,105.371,2.463,0,1,0,0,0,50.316,2.455,1,1,0,1,1,103.283,2.42,19.566,35.084,8.417,0.0,0.0,2.35,110.0,1006.367,1016.367,0.429,0
35,2400,111.9,0,1,1,0,1,59.401,2.615,1,0,1,1,1,65.575,2.607,1,1,1,0,1,105.558,2.601,0,1,1,1,0,59.048,2.609,1,1,0,1,1,104.418,2.627,19.9,34.251,8.25,0.0,0.0,2.65,110.0,1006.3,1016.3,0.437,0
35,3000,111.9,0,1,1,1,1,65.607,2.775,1,0,1,1,1,65.475,2.788,1,1,1,0,1,106.236,2.815,0,1,1,1,0,59.128,2.782,1,1,0,1,1,105.661,2.768,20.233,33.417,8.083,0.0,0.0,2.95,110.0,1006.233,1016.233,0.446,0
36,0,111.9,0,0,1,1,1,38.077,3.081,1,1,1,1,1,107.658,3.087,1,0,1,0,1,66.314,3.12,0,1,1,1,0,59.167,3.116,1,1,0,1,1,106.318,3.109,20.541,33.0,7.917,0.0,0.0,3.058,200.0,1006.117,1016.108,0.476,0
36,600,111.9,0,1,1,1,1,44.601,3.605,1,1,1,1,1,111.856,3.646,1,1,1,1,1,93.424,3.608,0,1,1,1,0,59.19,3.598,1,1,1,1,1,111.802,3.608,20.825,33.0,7.75,0.0,0.0,2.975,200.0,1005.95,1015.925,0.527,0
36,1200,111.9,0,1,1,1,1,65.858,4.135,1,1,1,1,1,111.911,4.143,1,1,1,1,1,111.929,4.133,0,1,1,1,0,59.357,4.104,1,1,1,1,1,111.869,4.118,21.108,33.0,7.583,0.0,0.0,2.892,200.0,1005.783,1015.742,0.579,0
36,1800,111.9,0,1,1,1,1,65.503,4.671,1,1,1,1,1,111.754,4.674,1,1,1,1,1,111.902,4.692,0,1,1,1,0,58.451,4.671,1,1,1,1,0,107.13,4.653,21.391,33.0,7.417,0.0,0.0,2.808,200.0,1005.617,1015.558,0.631,0
36,2400,111.9,0,1,1,1,1,65.601,5.249,1,1,1,1,1,112.096,5.235,1,1,1,1,1,111.387,5.224,1,0,1,1,0,44.792,5.257,1,1,1,1,0,97.435,5.27,21.675,33.0,7.25,0.0,0.0,2.725,200.0,1005.45,1015.375,0.682,0
36,3000,111.9,0,1,1,1,1,65.715,5.83,1,1,1,1,1,111.942,5.851,1,1,1,0,1,105.718,5.869,1,0,1,1,0,59.175,5.881,0,1,1,1,0,59.09,5.859,21.958,33.0,7.083,0.0,0.0,2.642,200.0,1005.283,1015.192,0.734,0
37,0,174.0,0,1,1,1,0,60.266,6.02,1,1,1,1,1,111.7,6.031,0,1,1,0,1,78.828,6.01,1,0,1,1,1,64.421,6.039,0,1,1,1,0,59.262,6.052,22.15,33.25,6.917,0.0,0.0,2.716,180.0,1005.142,1015.033,0.732,0
37,600,174.0,0,1,0,1,0,53.305,5.767,0,1,1,1,1,85.31,5.761,0,1,0,0,1,50.477,5.735,1,1,1,1,1,107.784,5.745,0,1,1,1,0,59.18,5.764,22.25,33.75,6.75,0.0,0.0,2.95,180.0,1005.025,1014.9,0.675,0
37,1200,174.0,0,1,0,1,0,52.616,5.441,0,0,1,1,1,31.307,5.448,0,0,0,0,1,6.473,5.405,1,0,1,1,1,66.563,5.43,0,1,0,0,0,50.963,5.476,22.35,34.25,6.583,0.0,0.0,3.183,180.0,1004.908,1014.767,0.618,0
37,1800,174.0,1,1,0,1,0,79.941,5.091,0,0,1,1,0,23.207,5.101,0,0,0,0,1,9.471,5.075,1,0,1,1,1,78.322,5.087,1,1,0,0,1,92.909,5.12,22.45,34.75,6.417,0.0,0.0,3.416,180.0,1004.792,1014.633,0.562,0
37,2400,174.0,1,1,0,1,0,99.249,4.735,1,0,1,1,0,38.349,4.736,0,0,0,1,1,15.524,4.737,1,1,1,1,1,110.159,4.729,1,1,0,0,0,94.962,4.757,22.55,35.25,6.25,0.0,0.0,3.65,180.0,1004.675,1014.5,0.505,0
37,3000,174.0,1,1,0,1,1,105.722,4.321,0,1,0,1,0,35.231,4.3,0,0,1,1,1,17.689,4.312,1,1,0,1,1,105.259,4.317,1,1,0,0,0,94.14,4.3,22.65,35.75,6.083,0.0,0.0,3.883,180.0,1004.558,1014.367,0.448,0
38,0,174.0,1,1,0,1,1,105.591,4.016,0,1,0,1,0,52.77,4.026,0,0,0,1,1,12.998,4.025,1,1,0,1,1,105.42,4.011,1,1,1,0,0,99.086,4.047,22.658,36.416,6.25,0.0,0.0,4.058,230.0,1004.45,1014.258,0.43,0
38,600,174.0,1,1,0,1,1,105.358,3.813,0,1,0,1,1,58.46,3.848,0,1,0,1,1,47.612,3.834,1,1,1,1,0,108.234,3.845,1,1,1,0,0,98.934,3.826,22.575,37.249,6.75,0.0,0.0,4.175,230.0,1004.35,1014.175,0.45,0
38,1200,174.0,1,1,0,1,1,105.668,3.59,1,1,0,1,1,100.813,3.591,0,1,0,0,1,55.845,3.601,1,1,1,1,0,105.246,3.577,1,1,1,0,1,103.305,3.622,22.492,38.083,7.25,0.0,0.0,4.292,230.0,1004.25,1014.092,0.47,0
38,1800,174.0,1,1,1,1,1,106.888,3.362,1,1,0,1,1,103.234,3.347,0,0,0,0,1,9.099,3.359,1,1,1,1,1,111.665,3.349,1,1,1,0,1,102.501,3.339,22.408,38.916,7.75,0.0,0.0,4.408,230.0,1004.15,1014.008,0.49,0
38,2400,174.0,0,1,1,1,1,65.6,3.055,1,1,1,1,1,109.512,3.072,0,0,0,0,1,28.048,3.073,1,1,1,1,1,110.53,3.05,1,1,0,0,1,98.97,3.067,22.325,39.749,8.25,0.0,0.0,4.525,230.0,1004.05,1013.925,0.51,0
38,3000,174.0,0,1,1,1,1,65.652,2.721,1,1,1,1,1,111.852,2.716,0,1,1,0,1,56.807,2.74,1,1,0,1,1,105.207,2.72,1,1,0,0,1,98.88,2.722,22.242,40.583,8.75,0.0,0.0,4.642,230.0,1003.95,1013.842,0.53,0
39,0,174.0,0,1,1,1,1,62.299,2.89,1,1,1,1,1,112.248,2.876,0,1,1,0,1,59.328,2.866,1,1,0,1,1,105.381,2.841,0,0,0,1,1,24.486,2.876,22.15,40.584,8.834,0.0,0.0,4.733,200.0,1003.925,1013.825,0.575,0
39,600,174.0,0,1,1,1,1,65.616,3.575,1,1,1,1,1,112.037,3.6,0,1,1,1,1,64.346,3.592,1,1,0,1,1,105.608,3.56,0,0,1,1,1,19.345,3.614,22.05,39.751,8.5,0.0,0.0,4.8,200.0,1003.975,1013.875,0.645,0
39,1200,174.0,0,1,1,1,1,65.631,4.38,1,1,1,1,1,111.995,4.366,0,1,1,1,1,65.86,4.343,1,1,0,1,1,105.575,4.347,0,0,0,1,1,14.508,4.359,21.95,38.917,8.167,0.0,0.0,4.867,200.0,1004.025,1013.925,0.715,0
39,1800,174.0,0,1,1,1,0,62.498,5.243,1,0,1,1,1,73.837,5.245,0,1,1,1,1,86.507,5.238,1,1,0,1,1,105.295,5.259,0,0,0,0,1,10.313,5.226,21.85,38.084,7.834,0.0,0.0,4.933,200.0,1004.075,1013.975,0.785,0
39,2400,174.0,0,1,1,1,0,59.19,6.18,1,0,1,0,1,71.294,6.208,1,1,1,1,1,112.227,6.19,1,1,0,1,1,105.8,6.166,0,0,1,1,1,16.741,6.189,21.75,37.251,7.5,0.0,0.0,5.0,200.0,1004.125,1014.025,0.855,0
39,3000,174.0,0,1,1,1,1,63.423,7.219,1,1,1,0,1,99.377,7.228,1,1,1,1,1,110.219,7.223,1,1,0,1,1,105.527,7.297,0,0,1,1,1,19.446,7.235,21.65,36.417,7.167,0.0,0.0,5.067,200.0,1004.175,1014.075,0.925,0
40,0,174.0,0,1,0,1,1,57.172,7.064,0,0,0,0,1,21.136,7.054,1,1,0,0,1,101.603,7.05,1,1,0,1,1,105.36,7.072,0,0,1,1,1,19.423,7.093,21.484,35.418,7.166,0.0,0.0,5.017,250.0,1004.142,1014.05,0.903,0
40,600,174.0,1,1,1,1,1,70.061,5.727,1,0,0,1,1,39.933,5.728,1,1,0,0,1,99.088,5.726,1,1,0,1,0,101.556,5.74,0,0,1,1,1,19.442,5.732,21.25,34.251,7.5,0.0,0.0,4.85,250.0,1004.025,1013.95,0.79,0
40,1200,174.0,1,1,1,1,1,111.866,4.538,1,0,1,1,1,75.176,4.54,1,1,0,0,0,93.101,4.501,1,1,0,1,0,101.099,4.505,0,0,0,1,1,13.847,4.507,21.017,33.084,7.833,0.0,0.0,4.683,250.0,1003.908,1013.85,0.677,0
40,1800,174.0,1,1,1,1,1,112.063,3.485,1,1,1,1,1,112.335,3.449,1,1,0,0,0,92.548,3.45,1,1,0,1,1,105.592,3.461,0,0,0,1,1,13.006,3.457,20.784,31.918,8.166,0.0,0.0,4.517,250.0,1003.792,1013.75,0.563,0
40,2400,174.0,1,1,1,1,1,91.425,2.52,1,1,1,1,1,111.918,2.518,1,1,0,0,1,98.323,2.509,1,1,0,1,1,105.299,2.515,0,0,0,1,1,12.95,2.53,20.55,30.751,8.5,0.0,0.0,4.35,250.0,1003.675,1013.65,0.45,0
40,3000,174.0,0,1,1,1,1,65.461,1.686,1,1,1,1,1,111.823,1.678,1,1,0,0,1,99.291,1.672,1,1,0,1,1,105.236,1.686,0,1,0,1,1,48.292,1.671,20.317,29.584,8.833,0.0,0.0,4.183,250.0,1003.558,1013.55,0.337,0
41,0,174.0,1,1,1,1,1,103.141,1.298,1,1,1,1,1,111.273,1.334,0,1,1,0,1,59.977,1.348,1,1,0,1,1,105.071,1.306,0,1,0,1,1,75.4,1.336,20.167,29.0,8.834,0.0,0.0,4.067,180.0,1003.483,1013.483,0.267,0
41,600,174.0,1,1,1,1,1,111.702,1.31,1,1,1,1,0,105.431,1.318,0,1,1,0,1,59.962,1.331,1,1,1,1,1,108.874,1.322,1,1,0,1,0,100.662,1.327,20.1,29.0,8.5,0.0,0.0,4.0,180.0,1003.45,1013.45,0.24,0
41,1200,174.0,1,1,1,1,1,111.182,1.262,1,1,1,1,0,105.822,1.307,0,1,1,1,1,82.321,1.335,1,0,1,1,1,77.241,1.266,1,1,0,1,1,104.611,1.304,20.033,29.0,8.167,0.0,0.0,3.933,180.0,1003.417,1013.417,0.213,0
41,1800,174.0,1,1,1,0,1,105.452,1.258,1,1,1,1,0,105.513,1.215,1,1,1,1,1,112.06,1.267,1,0,1,1,1,65.466,1.221,1,1,0,1,0,99.93,1.243,19.967,29.0,7.834,0.0,0.0,3.867,180.0,1003.383,1013.383,0.187,0
41,2400,174.0,1,1,1,0,1,98.127,1.119,1,1,1,1,0,105.182,1.184,1,1,1,1,1,111.756,1.157,1,0,1,1,1,65.869,1.173,1,1,0,1,1,105.101,1.146,19.9,29.0,7.5,0.0,0.0,3.8,180.0,1003.35,1013.35,0.16,0
41,3000,174.0,0,1,1,1,1,62.968,1.07,1,1,1,1,0,105.301,1.042,1,1,1,1,1,109.74,1.03,1,0,1,1,1,65.582,1.067,1,1,0,1,1,105.43,1.038,19.833,29.0,7.167,0.0,0.0,3.733,180.0,1003.317,1013.317,0.133,0
42,0,111.9,0,1,1,1,1,65.854,0.959,1,1,1,0,0,100.579,0.993,1,1,1,1,0,108.029,0.998,1,0,1,1,1,65.4,0.985,1,1,1,1,1,109.345,0.961,19.733,29.166,6.75,0.0,0.0,3.642,200.0,1003.275,1013.267,0.115,0
42,600,111.9,0,1,0,1,1,62.113,0.979,1,1,1,1,1,107.162,0.998,1,1,1,1,1,112.197,1.002,1,0,1,1,1,85.577,0.967,1,1,1,1,1,111.904,0.978,19.6,29.5,6.25,0.0,0.0,3.525,200.0,1003.225,1013.2,0.105,0
42,1200,111.9,0,1,0,1,1,59.267,0.975,1,1,1,1,1,102.286,0.977,1,1,0,1,1,105.28,0.952,1,1,1,1,1,112.122,0.957,1,1,1,1,1,109.615,0.992,19.467,29.833,5.75,0.0,0.0,3.408,200.0,1003.175,1013.133,0.095,0
42,1800,111.9,0,1,0,1,1,80.214,0.966,1,1,1,1,0,107.703,0.954,1,1,0,0,1,98.799,0.927,1,1,1,1,1,100.006,0.929,1,0,1,1,1,61.736,0.918,19.333,30.166,5.25,0.0,0.0,3.292,200.0,1003.125,1013.067,0.085,0
42,2400,111.9,1,1,0,1,1,105.81,0.933,0,1,1,1,0,77.649,0.885,1,1,0,1,1,107.349,0.897,0,0,1,1,0,35.674,0.94,0,1,1,1,1,57.398,0.883,19.2,30.5,4.75,0.0,0.0,3.175,200.0,1003.075,1013.0,0.075,0
42,3000,111.9,1,1,1,1,1,111.814,0.863,0,1,1,1,0,59.333,0.848,0,1,1,1,1,75.613,0.841,0,0,1,1,0,23.395,0.84,0,1,1,0,1,63.036,0.82,19.067,30.833,4.25,0.0,0.0,3.058,200.0,1003.025,1012.933,0.065,0
43,0,111.9,1,1,1,1,1,112.059,0.709,0,1,1,0,1,59.968,0.77,0,1,0,1,1,60.208,0.715,0,0,1,1,0,24.879,0.703,1,1,1,0,1,105.262,0.713,18.917,31.0,4.25,0.0,0.0,3.05,230.0,1003.025,1012.933,0.056,0
43,600,111.9,1,1,1,1,1,100.846,0.559,0,0,1,0,1,23.855,0.57,0,1,0,1,1,58.878,0.609,0,0,0,1,0,20.433,0.581,0,1,1,0,0,69.222,0.588,18.75,31.0,4.75,0.0,0.0,3.15,230.0,1003.075,1013.0,0.048,0
43,1200,111.9,1,0,1,1,1,43.344,0.0,0,0,1,0,1,12.95,0.0,0,1,0,0,1,52.655,0.0,0,1,0,1,0,52.707,0.0,0,1,1,0,0,52.59,0.0,18.583,31.0,5.25,0.0,0.0,3.25,230.0,1003.125,1013.067,0.039,0
43,1800,111.9,0,0,1,1,1,19.446,0.0,0,0,1,0,1,12.927,0.0,0,1,0,0,1,52.71,0.0,0,1,0,1,0,52.807,0.0,0,1,1,0,0,42.773,0.0,18.417,31.0,5.75,0.0,0.0,3.35,230.0,1003.175,1013.133,0.031,0
43,2400,111.9,0,0,1,1,1,19.387,0.0,0,0,1,0,1,12.98,0.0,0,1,0,0,1,52.734,0.0,0,1,0,1,0,52.702,0.0,0,0,1,0,0,6.482,0.0,18.25,31.0,6.25,0.0,0.0,3.45,230.0,1003.225,1013.2,0.023,0
43,3000,111.9,0,0,1,1,1,19.463,0.0,0,0,1,0,1,12.928,0.0,0,1,0,0,1,52.765,0.0,0,1,0,1,0,52.79,0.0,0,0,1,0,0,6.469,0.0,18.083,31.0,6.75,0.0,0.0,3.55,230.0,1003.275,1013.267,0.014,0
44,0,111.9,0,0,1,1,1,19.415,0.0,0,0,1,0,1,17.017,0.0,0,1,0,0,1,52.77,0.0,1,1,0,1,0,88.373,0.0,0,0,1,1,0,10.25,0.0,17.925,31.083,6.917,0.0,0.0,3.517,200.0,1003.283,1013.283,0.009,0
44,600,111.9,0,0,1,1,1,19.418,0.0,0,1,1,0,1,62.473,0.0,0,1,0,0,1,52.675,0.0,1,0,0,1,1,58.7,0.0,0,1,1,1,0,46.185,0.0,17.775,31.25,6.75,0.0,0.0,3.35,200.0,1003.25,1013.25,0.008,0
44,1200,111.9,0,0,0,1,1,13.348,0.0,0,1,1,1,1,65.59,0.0,0,1,0,0,0,46.339,0.0,1,0,0,1,1,59.004,0.0,0,1,1,1,0,73.376,0.0,17.625,31.417,6.583,0.0,0.0,3.183,200.0,1003.217,1013.217,0.006,0
44,1800,111.9,0,0,0,1,1,12.93,0.0,1,1,1,1,1,98.996,0.0,0,1,0,0,0,46.066,0.0,1,0,0,1,1,59.117,0.0,1,1,1,1,0,105.288,0.0,17.475,31.583,6.417,0.0,0.0,3.017,200.0,1003.183,1013.183,0.004,0
44,2400,111.9,0,0,0,1,1,12.967,0.0,1,1,1,1,1,110.502,0.0,0,1,0,0,0,46.505,0.0,1,0,0,1,0,54.389,0.0,1,1,1,1,0,105.714,0.0,17.325,31.75,6.25,0.0,0.0,2.85,200.0,1003.15,1013.15,0.002,0
44,3000,111.9,0,0,0,1,1,12.975,0.0,1,1,1,0,0,101.286,0.0,0,0,0,0,0,21.522,0.0,1,0,0,1,0,52.792,0.0,1,1,1,1,0,105.182,0.0,17.175,31.917,6.083,0.0,0.0,2.683,200.0,1003.117,1013.117,0.001,0
45,0,111.9,0,0,0,1,1,12.923,0.0,1,1,0,1,0,81.328,0.0,0,0,0,0,0,0.0,0.0,1,0,0,1,0,52.562,0.0,1,1,1,1,0,103.501,0.0,17.025,32.25,6.166,0.0,0.0,2.492,180.0,1003.075,1013.083,0.0,0
45,600,111.9,0,1,0,1,1,43.37,0.0,0,1,0,1,0,52.852,0.0,0,0,0,0,1,4.636,0.0,1,0,0,1,0,52.779,0.0,1,1,1,0,0,99.007,0.0,16.875,32.75,6.5,0.0,0.0,2.275,180.0,1003.025,1013.05,0.0,0
45,1200,111.9,0,1,0,1,1,59.167,0.0,0,1,1,1,0,55.91,0.0,0,0,0,0,1,6.499,0.0,1,0,0,1,0,52.764,0.0,1,0,1,0,0,52.009,0.0,16.725,33.25,6.833,0.0,0.0,2.059,180.0,1002.975,1013.017,0.0,0
45,1800,111.9,0,1,0,1,1,59.11,0.0,0,1,1,1,0,56.579,0.0,0,0,0,0,1,28.993,0.0,1,0,0,1,0,52.769,0.0,0,0,0,0,0,0.0,0.0,16.575,33.75,7.166,0.0,0.0,1.842,180.0,1002.925,1012.983,0.0,0
45,2400,111.9,0,1,0,0,1,67.889,0.0,0,1,1,0,0,52.839,0.0,0,0,0,0,1,28.013,0.0,1,0,0,1,0,52.699,0.0,0,0,0,0,0,0.0,0.0,16.425,34.25,7.5,0.0,0.0,1.625,180.0,1002.875,1012.95,0.0,0
45,3000,111.9,1,1,0,0,1,98.943,0.0,0,1,1,0,0,52.719,0.0,0,0,0,0,0,1.121,0.0,1,0,0,1,0,52.891,0.0,0,0,0,0,0,2.562,0.0,16.275,34.75,7.833,0.0,0.0,1.409,180.0,1002.825,1012.917,0.0,0
46,0,111.9,1,1,0,0,1,99.313,0.0,0,1,1,0,0,52.78,0.0,0,0,0,0,0,0.0,0.0,1,0,0,1,1,56.886,0.0,0,0,0,1,0,6.486,0.0,16.092,35.582,7.834,0.0,0.0,1.333,110.0,1002.733,1012.842,0.0,0
46,600,111.9,1,1,0,0,1,99.177,0.0,1,1,1,0,0,84.211,0.0,0,0,0,0,0,1.673,0.0,1,0,0,0,1,54.932,0.0,0,0,0,1,0,6.488,0.0,15.875,36.749,7.5,0.0,0.0,1.4,110.0,1002.6,1012.725,0.0,0
46,1200,111.9,1,1,0,0,1,102.009,0.0,1,1,1,0,0,98.92,0.0,0,0,0,1,0,6.482,0.0,1,0,0,0,1,52.684,0.0,0,0,0,1,0,26.05,0.0,15.659,37.916,7.167,0.0,0.0,1.467,110.0,1002.467,1012.608,0.0,0
46,1800,111.9,1,1,1,0,0,101.796,0.0,1,1,1,0,0,98.963,0.0,0,0,0,1,0,6.483,0.0,1,0,0,0,1,52.788,0.0,1,0,0,1,0,52.765,0.0,15.442,39.082,6.834,0.0,0.0,1.533,110.0,1002.333,1012.492,0.0,0
46,2400,111.9,1,1,1,0,0,99.143,0.0,1,0,1,0,0,68.541,0.0,0,0,0,1,0,6.497,0.0,1,0,0,0,1,52.655,0.0,1,0,0,1,0,52.487,0.0,15.225,40.249,6.5,0.0,0.0,1.6,110.0,1002.2,1012.375,0.0,0
46,3000,111.9,1,1,1,0,0,98.89,0.0,1,0,1,0,1,61.086,0.0,0,0,0,1,1,28.026,0.0,1,0,0,0,1,52.749,0.0,1,0,0,1,0,52.764,0.0,15.009,41.416,6.167,0.0,0.0,1.667,110.0,1002.067,1012.258,0.0,0
47,0,111.9,1,1,1,0,0,98.913,0.0,1,0,1,1,1,65.659,0.0,0,1,0,0,1,55.966,0.0,1,0,0,0,1,52.882,0.0,1,0,0,1,0,54.565,0.0,14.883,41.75,5.917,0.0,0.0,1.617,20.0,1001.95,1012.142,0.0,0
47,600,111.9,1,1,1,0,0,98.897,0.0,1,0,1,1,1,65.945,0.0,1,1,0,0,1,95.986,0.0,1,0,0,1,1,59.227,0.0,1,0,1,1,0,59.262,0.0,14.85,41.25,5.75,0.0,0.0,1.45,20.0,1001.85,1012.025,0.0,0
47,1200,111.9,1,1,1,0,0,92.793,0.0,1,0,1,1,1,65.509,0.0,1,1,0,0,1,76.532,0.0,1,0,0,1,1,59.329,0.0,1,0,1,1,0,59.273,0.0,14.817,40.75,5.583,0.0,0.0,1.283,20.0,1001.75,1011.908,0.0,0
47,1800,111.9,0,1,1,0,0,51.57,0.0,1,0,1,0,1,60.16,0.0,0,1,0,0,1,52.491,0.0,0,0,0,1,1,27.859,0.0,1,0,1,1,0,59.166,0.0,14.783,40.25,5.417,0.0,0.0,1.117,20.0,1001.65,1011.792,0.0,0
47,2400,111.9,0,1,0,0,0,46.201,0.0,1,0,1,0,0,54.115,0.0,0,1,0,0,1,52.837,0.0,0,0,0,1,1,12.954,0.0,1,0,0,1,0,53.766,0.0,14.75,39.75,5.25,0.0,0.0,0.95,20.0,1001.55,1011.675,0.0,0
47,3000,111.9,1,1,0,0,0,88.575,0.0,1,0,1,0,0,52.625,0.0,0,1,0,0,1,52.763,0.0,0,0,0,1,1,28.549,0.0,1,0,1,0,0,51.763,0.0,14.717,39.25,5.083,0.0,0.0,0.783,20.0,1001.45,1011.558,0.0,0
48,0,84.5,1,1,0,0,0,93.406,0.0,1,0,1,0,0,52.873,0.0,0,1,0,0,1,52.594,0.0,0,1,0,1,1,59.12,0.0,1,0,1,0,0,52.544,0.0,14.667,39.25,5.333,0.0,0.0,0.692,90.0,1001.358,1011.458,0.0,0
48,600,84.5,1,1,0,0,1,96.32,0.0,1,0,1,0,0,52.667,0.0,0,1,0,0,0,48.882,0.0,0,1,0,0,0,48.956,0.0,1,0,1,0,0,52.651,0.0,14.6,39.75,5.999,0.0,0.0,0.675,90.0,1001.275,1011.375,0.0,0
48,1200,84.5,1,1,0,0,1,98.787,0.0,1,0,1,0,0,52.761,0.0,0,0,0,0,0,21.236,0.0,0,1,0,0,0,46.222,0.0,1,0,1,0,0,52.559,0.0,14.533,40.25,6.666,0.0,0.0,0.658,90.0,1001.192,1011.292,0.0,0
48,1800,84.5,1,0,0,0,1,74.266,0.0,1,0,1,0,0,52.784,0.0,0,0,0,0,0,0.0,0.0,0,1,0,0,0,46.169,0.0,1,0,1,0,0,52.809,0.0,14.467,40.75,7.333,0.0,0.0,0.642,90.0,1001.108,1011.208,0.0,0
48,2400,84.5,1,0,0,0,1,52.638,0.0,1,0,1,0,0,52.716,0.0,0,0,0,0,0,0.0,0.0,0,1,0,0,0,46.228,0.0,1,0,1,0,0,52.645,0.0,14.4,41.25,7.999,0.0,0.0,0.625,90.0,1001.025,1011.125,0.0,0
48,3000,84.5,1,0,0,0,1,52.638,0.0,1,0,1,0,0,52.679,0.0,0,0,0,0,0,0.0,0.0,0,1,0,0,0,46.124,0.0,1,0,1,0,0,52.926,0.0,14.333,41.75,8.666,0.0,0.0,0.608,90.0,1000.942,1011.042,0.0,0
49,0,84.5,1,0,0,0,0,48.084,0.0,1,0,1,0,0,52.554,0.0,0,0,0,0,0,0.0,0.0,0,1,0,0,0,46.19,0.0,1,0,1,1,0,57.916,0.0,14.242,42.166,8.917,0.0,0.0,0.667,360.0,1000.817,1010.925,0.0,5
49,600,84.5,1,0,0,0,0,46.262,0.0,1,0,1,0,0,52.835,0.0,0,0,0,0,0,0.0,0.0,0,1,0,0,0,46.359,0.0,1,0,1,1,0,59.111,0.0,14.125,42.5,8.75,0.0,0.0,0.8,360.0,1000.65,1010.775,0.0,5
49,1200,84.5,1,0,0,0,0,46.204,0.0,1,0,0,0,0,46.265,0.0,0,0,0,0,0,0.0,0.0,0,1,0,0,0,46.188,0.0,0,0,1,1,0,29.198,0.0,14.008,42.833,8.583,0.0,0.0,0.933,360.0,1000.483,1010.625,0.0,5
49,1800,84.5,1,0,0,0,0,46.287,0.0,1,0,0,0,0,46.344,0.0,0,0,0,0,0,0.0,0.0,0,1,0,0,0,46.315,0.0,0,0,0,1,0,6.495,0.0,13.892,43.166,8.417,0.0,0.0,1.067,360.0,1000.317,1010.475,0.0,5
49,2400,84.5,0,0,0,0,0,18.534,0.0,1,0,0,0,0,46.256,0.0,0,0,0,0,0,0.0,0.0,0,1,0,0,0,46.167,0.0,0,0,0,1,0,6.479,0.0,13.775,43.5,8.25,0.0,0.0,1.2,360.0,1000.15,1010.325,0.0,5
49,3000,84.5,0,0,0,0,0,0.0,0.0,1,0,0,0,0,46.179,0.0,0,1,0,0,0,25.098,0.0,0,1,0,0,0,46.056,0.0,0,0,0,1,0,6.467,0.0,13.658,43.833,8.083,0.0,0.0,1.333,360.0,999.983,1010.175,0.0,5
50,0,84.5,0,0,0,0,0,0.0,0.0,1,0,0,0,0,46.187,0.0,0,1,0,0,0,42.148,0.0,0,1,0,0,0,46.196,0.0,0,0,0,1,0,6.467,0.0,13.583,44.166,8.0,0.0,0.0,1.467,50.0,999.842,1010.042,0.0,0
50,600,84.5,0,0,0,0,0,0.0,0.0,1,0,0,0,0,46.196,0.0,0,0,0,0,0,0.0,0.0,0,1,0,0,0,46.23,0.0,0,0,0,1,0,6.466,0.0,13.55,44.5,8.0,0.0,0.0,1.6,50.0,999.725,1009.925,0.0,0
50,1200,84.5,0,0,0,0,0,0.0,0.0,1,0,0,0,0,46.103,0.0,0,0,0,0,0,0.0,0.0,0,1,0,0,0,46.139,0.0,0,0,0,1,0,6.23,0.0,13.517,44.833,8.0,0.0,0.0,1.733,50.0,999.608,1009.808,0.0,0
50,1800,84.5,0,0,0,0,0,0.0,0.0,1,0,0,0,0,46.33,0.0,0,0,0,0,0,3.014,0.0,0,0,0,0,0,22.517,0.0,0,0,0,0,0,0.0,0.0,13.483,45.166,8.0,0.0,0.0,1.867,50.0,999.492,1009.692,0.0,0
50,2400,84.5,0,0,0,0,0,0.0,0.0,1,0,0,0,0,46.165,0.0,0,0,0,1,0,6.475,0.0,0,0,0,0,0,0.0,0.0,0,0,0,0,0,0.0,0.0,13.45,45.5,8.0,0.0,0.0,2.0,50.0,999.375,1009.575,0.0,0
50,3000,84.5,0,0,0,0,0,0.0,0.0,1,0,0,0,0,46.236,0.0,0,0,0,1,0,6.484,0.0,0,0,0,0,0,0.0,0.0,0,0,0,0,0,0.0,0.0,13.417,45.833,8.0,0.0,0.0,2.133,50.0,999.258,1009.458,0.0,0
51,0,84.5,0,0,0,0,0,0.0,0.0,1,0,0,0,0,46.361,0.0,0,0,0,1,0,6.467,0.0,0,0,0,0,0,0.0,0.0,0,0,0,0,0,0.0,0.0,13.433,46.25,8.0,0.0,0.0,2.125,50.0,999.125,1009.317,0.0,0
51,600,84.5,0,0,0,0,0,0.0,0.0,1,0,0,0,0,46.363,0.0,0,0,0,1,0,6.467,0.0,0,0,0,0,0,0.0,0.0,0,0,0,0,0,0.0,0.0,13.5,46.75,8.0,0.0,0.0,1.975,50.0,998.975,1009.15,0.0,0
51,1200,84.5,0,0,0,0,0,0.0,0.0,1,0,0,0,0,46.171,0.0,0,0,0,1,0,4.221,0.0,0,0,0,0,0,0.0,0.0,0,0,0,0,0,0.0,0.0,13.567,47.25,8.0,0.0,0.0,1.825,50.0,998.825,1008.983,0.0,0
51,1800,84.5,0,0,0,0,0,0.0,0.0,1,0,0,0,0,46.403,0.0,0,0,0,0,0,22.361,0.0,0,0,0,0,0,0.0,0.0,0,0,0,0,0,0.0,0.0,13.633,47.75,8.0,0.0,0.0,1.675,50.0,998.675,1008.817,0.0,0
51,2400,84.5,0,0,0,0,0,0.0,0.0,0,0,0,0,0,7.428,0.0,1,0,0,0,0,46.329,0.0,0,0,0,0,0,0.0,0.0,0,0,0,0,0,0.0,0.0,13.7,48.25,8.0,0.0,0.0,1.525,50.0,998.525,1008.65,0.0,0
51,3000,84.5,0,0,0,0,0,0.0,0.0,0,0,0,0,0,0.0,0.0,1,0,0,0,0,46.245,0.0,0,0,0,0,0,0.0,0.0,0,0,0,0,0,0.0,0.0,13.767,48.75,8.0,0.0,0.0,1.375,50.0,998.375,1008.483,0.0,0
52,0,84.5,0,0,0,0,0,0.0,0.0,0,0,0,0,0,0.0,0.0,1,0,0,0,0,46.27,0.0,0,0,0,0,0,0.0,0.0,0,0,0,0,0,13.263,0.0,13.858,48.75,7.917,0.0,0.0,1.283,70.0,998.225,1008.325,0.0,0
52,600,84.5,0,0,0,0,0,21.372,0.0,0,0,0,0,0,0.0,0.0,0,0,0,0,0,11.374,0.0,0,0,0,0,0,0.0,0.0,1,0,0,0,0,46.218,0.0,13.975,48.25,7.75,0.0,0.0,1.25,70.0,998.075,1008.175,0.0,0
52,1200,84.5,0,1,0,0,0,46.203,0.0,0,0,0,0,0,0.0,0.0,0,0,0,0,0,0.0,0.0,0,0,0,0,0,0.0,0.0,1,0,0,0,0,46.214,0.0,14.092,47.75,7.583,0.0,0.0,1.217,70.0,997.925,1008.025,0.0,0
52,1800,84.5,0,1,0,0,0,46.215,0.0,0,0,0,0,0,0.0,0.0,0,0,0,0,0,0.0,0.0,0,0,0,0,0,0.0,0.0,1,0,0,0,0,46.222,0.0,14.208,47.25,7.417,0.0,0.0,1.183,70.0,997.775,1007.875,0.0,0
52,2400,84.5,0,1,0,0,0,44.718,0.0,0,0,0,0,0,0.0,0.0,0,0,0,0,0,0.0,0.0,0,0,0,0,0,0.0,0.0,0,0,0,0,0,20.02,0.0,14.325,46.75,7.25,0.0,0.0,1.15,70.0,997.625,1007.725,0.0,0
52,3000,84.5,0,0,0,0,0,0.0,0.0,0,0,0,0,0,0.0,0.0,0,0,0,0,0,0.0,0.0,0,0,0,0,0,0.0,0.0,0,0,0,0,0,1.38,0.0,14.442,46.25,7.083,0.0,0.0,1.117,70.0,997.475,1007.575,0.0,0
53,0,84.5,0,0,0,0,0,3.205,0.0,0,0,0,0,0,0.0,0.0,0,0,0,0,0,0.0,0.0,0,0,0,0,0,0.0,0.0,1,0,0,0,0,46.147,0.0,14.542,45.834,6.584,0.0,0.0,1.2,90.0,997.259,1007.359,0.0,0
53,600,84.5,0,0,1,0,0,6.474,0.0,0,0,0,0,0,0.0,0.0,0,0,0,0,0,0.0,0.0,0,0,0,0,0,0.0,0.0,1,0,0,0,0,46.144,0.0,14.625,45.5,5.751,0.0,0.0,1.4,90.0,996.975,1007.075,0.0,0
53,1200,84.5,0,0,1,0,0,6.485,0.0,0,0,0,0,0,0.0,0.0,0,0,1,0,0,4.903,0.0,0,0,0,0,0,0.0,0.0,1,0,0,0,0,46.308,0.0,14.708,45.167,4.917,0.0,0.0,1.6,90.0,996.692,1006.792,0.0,0
53,1800,84.5,0,0,1,0,0,6.466,0.0,0,0,0,0,0,0.0,0.0,0,0,1,0,0,6.49,0.0,0,0,0,0,0,0.0,0.0,1,0,0,0,0,46.184,0.0,14.792,44.834,4.084,0.0,0.0,1.8,90.0,996.409,1006.509,0.0,0
53,2400,84.5,0,0,1,0,0,6.491,0.0,0,0,0,0,0,0.0,0.0,0,0,1,0,0,6.481,0.0,0,0,0,0,0,0.0,0.0,1,0,0,0,0,46.114,0.0,14.875,44.5,3.251,0.0,0.0,2.0,90.0,996.125,1006.225,0.0,0
53,3000,84.5,0,1,1,0,0,31.768,0.0,0,0,0,0,0,0.0,0.0,0,0,1,0,0,6.472,0.0,0,0,0,0,0,0.0,0.0,1,0,0,0,0,46.276,0.0,14.958,44.167,2.417,0.0,0.0,2.2,90.0,995.842,1005.942,0.0,0
54,0,84.5,0,1,1,0,0,52.474,0.0,0,0,0,0,0,0.0,0.0,0,0,1,0,0,6.462,0.0,0,0,0,0,0,0.0,0.0,0,0,0,0,0,18.349,0.0,15.05,44.333,2.582,0.0,0.0,2.225,110.0,995.683,1005.783,0.004,0
54,600,84.5,0,1,1,0,0,52.622,0.0,0,0,0,0,0,0.0,0.0,0,0,1,0,0,6.492,0.0,0,0,0,0,0,0.0,0.0,0,0,0,0,0,0.0,0.0,15.15,44.999,3.749,0.0,0.0,2.075,110.0,995.65,1005.75,0.012,0
54,1200,84.5,0,1,1,0,0,37.464,0.0,0,0,0,0,0,0.0,0.0,0,0,1,0,0,6.493,0.0,0,0,0,0,0,0.0,0.0,0,0,0,0,0,0.0,0.0,15.25,45.666,4.916,0.0,0.0,1.925,110.0,995.617,1005.717,0.021,0
54,1800,84.5,0,0,1,0,0,6.483,0.0,0,0,0,0,0,0.0,0.0,0,0,1,0,0,6.481,0.0,0,0,0,0,0,0.0,0.0,0,0,0,0,0,0.0,0.0,15.35,46.333,6.082,0.0,0.0,1.775,110.0,995.583,1005.683,0.029,0
54,2400,84.5,0,0,0,0,1,5.543,0.0,0,0,0,0,0,0.0,0.0,0,0,1,0,0,6.49,0.0,0,0,0,0,0,0.0,0.0,0,0,0,0,0,0.0,0.0,15.45,46.999,7.249,0.0,0.0,1.625,110.0,995.55,1005.65,0.037,0
54,3000,84.5,0,0,0,0,1,6.463,0.0,0,0,0,0,0,0.0,0.0,0,0,1,0,0,6.45,0.0,0,0,0,0,0,0.0,0.0,0,0,0,0,0,0.0,0.0,15.55,47.666,8.416,0.0,0.0,1.475,110.0,995.517,1005.617,0.046,0
55,0,111.9,0,0,0,0,1,6.479,0.0,0,0,0,0,0,0.0,0.0,0,0,1,0,0,6.47,0.0,1,0,0,0,0,33.286,0.0,0,0,0,0,1,6.241,0.0,15.65,48.166,9.0,0.0,0.0,1.508,110.0,995.417,1005.508,0.057,0
55,600,111.9,0,0,0,0,1,6.498,0.0,0,0,0,0,0,0.0,0.0,0,0,1,0,0,6.475,0.0,1,0,0,0,0,46.403,0.0,0,0,0,0,1,6.473,0.0,15.75,48.5,9.0,0.0,0.0,1.725,110.0,995.25,1005.325,0.072,0
55,1200,111.9,0,0,0,0,1,6.475,0.0,0,0,0,0,0,0.0,0.0,0,0,1,0,0,6.479,0.0,1,0,1,0,0,51.1,0.0,0,0,0,0,1,9.399,0.0,15.85,48.833,9.0,0.0,0.0,1.941,110.0,995.083,1005.142,0.087,0
55,1800,111.9,0,0,0,0,1,6.472,0.13,0,0,0,0,0,0.413,0.116,0,0,1,0,0,6.481,0.124,1,0,1,0,0,72.318,0.135,0,0,0,1,1,12.945,0.116,15.95,49.166,9.0,0.0,0.0,2.158,110.0,994.917,1004.958,0.102,0
55,2400,111.9,0,0,0,0,1,6.456,0.582,0,0,0,1,0,6.451,0.59,0,0,1,0,0,6.481,0.6,1,1,1,0,0,99.095,0.584,0,0,0,1,1,12.998,0.566,16.05,49.5,9.0,0.0,0.0,2.375,110.0,994.75,1004.775,0.118,0
55,3000,111.9,0,0,0,0,1,6.478,0.649,0,0,0,1,0,6.461,0.619,0,0,1,0,0,6.929,0.656,1,1,1,0,0,99.113,0.661,0,0,0,1,1,12.947,0.659,16.15,49.833,9.0,0.0,0.0,2.591,110.0,994.583,1004.592,0.132,0
56,0,111.9,0,0,0,0,1,6.495,0.751,1,0,0,1,0,42.273,0.823,0,0,1,0,1,12.95,0.776,1,1,1,0,0,100.535,0.824,0,0,0,1,1,12.957,0.781,16.225,50.998,9.0,0.0,0.0,2.841,160.0,994.425,1004.425,0.165,0
56,600,111.9,0,1,0,0,1,51.92,0.992,1,0,0,1,0,52.681,0.993,0,0,1,0,1,12.646,1.033,1,1,1,0,0,100.451,0.964,0,0,0,1,1,12.945,1.021,16.275,52.998,9.0,0.0,0.0,3.125,160.0,994.275,1004.275,0.215,0
56,1200,111.9,1,1,0,0,1,99.066,1.217,1,0,0,1,0,54.074,1.209,0,0,0,1,1,12.954,1.274,1,1,1,1,0,105.549,1.244,0,0,1,1,1,19.272,1.245,16.325,54.998,9.0,0.0,0.0,3.408,160.0,994.125,1004.125,0.265,0
56,1800,111.9,1,1,0,1,1,104.287,1.477,1,0,1,0,0,53.968,1.477,0,0,1,1,1,24.727,1.46,1,1,1,1,0,105.293,1.485,0,0,1,1,1,27.672,1.48,16.375,56.998,9.0,0.0,0.0,3.691,160.0,993.975,1003.975,0.315,0
56,2400,111.9,1,1,0,1,1,105.471,1.739,1,0,1,1,0,59.299,1.691,1,0,1,1,1,65.828,1.708,1,1,1,1,0,105.788,1.688,0,1,1,1,1,65.722,1.745,16.425,58.998,9.0,0.0,0.0,3.975,160.0,993.825,1003.825,0.365,0
56,3000,111.9,1,1,0,1,1,105.698,1.956,1,0,1,1,0,80.197,1.949,1,1,1,1,1,96.909,1.95,1,1,1,1,0,105.057,1.953,0,1,1,1,1,65.665,1.937,16.475,60.998,9.0,0.0,0.0,4.258,160.0,993.675,1003.675,0.415,0
57,0,111.9,1,1,0,1,1,105.708,1.587,1,1,1,1,0,105.13,1.611,1,1,1,1,1,111.892,1.627,1,1,1,1,0,105.246,1.633,0,1,1,1,1,65.644,1.592,16.375,64.579,9.083,0.707,0.0,4.308,180.0,993.583,1003.592,0.446,5
57,600,111.9,1,1,0,0,1,101.263,1.538,1,1,1,1,1,105.784,1.603,1,1,1,1,1,103.082,1.555,1,0,1,1,0,69.725,1.587,0,0,1,1,1,42.593,1.536,16.125,69.746,9.25,2.124,0.0,4.125,180.0,993.55,1003.575,0.457,5
57,1200,111.9,1,1,0,1,1,104.886,1.508,1,1,1,0,1,105.28,1.507,1,1,0,1,1,92.493,1.487,1,0,1,0,0,53.782,1.488,0,0,1,1,1,17.643,1.464,15.875,74.912,9.417,3.54,0.0,3.942,180.0,993.517,1003.558,0.469,5
57,1800,111.9,1,1,0,1,1,101.428,1.423,1,1,1,0,1,101.343,1.469,1,0,0,1,1,59.188,1.408,1,0,1,0,0,52.652,1.4,1,1,1,1,0,68.2,1.44,15.625,80.079,9.583,4.957,0.0,3.758,180.0,993.483,1003.542,0.481,5
57,2400,111.9,0,1,1,1,1,63.154,1.359,0,1,1,1,1,63.557,1.321,1,1,0,1,1,94.694,1.327,1,1,1,0,0,91.135,1.329,1,1,0,1,0,87.052,1.367,15.375,85.246,9.75,6.374,0.0,3.575,180.0,993.45,1003.525,0.492,5
57,3000,111.9,0,1,1,1,1,65.829,1.29,0,1,1,0,1,59.411,1.274,1,1,0,1,1,105.588,1.244,1,1,1,0,0,98.806,1.265,0,1,0,1,0,50.305,1.287,15.125,90.412,9.917,7.79,0.0,3.392,180.0,993.417,1003.508,0.504,5
58,0,111.9,0,1,1,1,1,65.542,0.8,0,1,1,0,1,59.079,0.791,1,1,0,1,1,105.399,0.773,1,1,1,0,0,99.044,0.83,0,1,0,1,0,52.699,0.796,14.925,92.002,10.0,7.818,0.0,3.433,200.0,993.475,1003.575,0.515,1
58,600,111.9,1,1,1,1,1,107.436,0.813,0,1,1,0,1,58.959,0.834,1,1,0,1,1,105.395,0.807,1,1,1,1,0,105.124,0.803,0,1,0,1,0,52.726,0.8,14.775,90.002,10.0,6.451,0.0,3.7,200.0,993.625,1003.725,0.525,1
58,1200,111.9,1,1,1,1,0,107.306,0.798,1,1,1,0,1,78.723,0.826,1,1,0,1,0,99.426,0.83,1,1,1,1,0,105.541,0.807,0,1,1,1,0,58.793,0.805,14.625,88.002,10.0,5.084,0.0,3.966,200.0,993.775,1003.875,0.535,1
58,1800,111.9,1,1,1,1,0,105.523,0.839,1,0,1,0,1,59.341,0.809,1,1,0,1,0,102.135,0.813,1,1,0,1,0,101.936,0.83,0,1,1,1,0,63.911,0.814,14.475,86.002,10.0,3.718,0.0,4.233,200.0,993.925,1004.025,0.545,1
58,2400,111.9,1,1,1,1,0,107.715,0.834,1,0,1,0,1,58.198,0.816,1,0,1,1,1,82.07,0.818,1,1,0,1,1,105.483,0.785,1,1,1,1,0,105.615,0.83,14.325,84.002,10.0,2.351,0.0,4.5,200.0,994.075,1004.175,0.555,1
58,3000,111.9,1,1,1,1,1,111.823,0.883,1,1,1,0,0,86.603,0.882,1,0,1,1,1,65.973,0.895,1,1,0,1,1,105.602,0.852,1,1,1,1,0,95.779,0.863,14.175,82.002,10.0,0.984,0.0,4.766,200.0,994.225,1004.325,0.565,1
59,0,111.9,1,1,1,0,1,104.789,1.032,1,1,1,0,1,105.796,1.027,1,0,1,0,1,61.603,1.027,1,1,0,1,1,105.798,1.063,1,0,1,1,0,59.107,1.035,14.192,79.419,9.667,0.275,0.0,4.925,230.0,994.25,1004.35,0.58,1
59,600,111.9,1,1,0,0,1,102.002,1.369,1,1,1,0,0,100.462,1.416,1,0,1,0,1,62.234,1.437,1,1,1,1,1,112.049,1.406,1,0,1,1,0,59.155,1.389,14.375,76.253,9.001,0.225,0.0,4.975,230.0,994.15,1004.25,0.6,1
59,1200,111.9,1,1,1,1,1,107.893,1.812,1,1,1,0,0,101.057,1.814,1,0,1,1,1,68.895,1.823,1,1,1,1,1,111.962,1.811,1,0,1,1,0,58.994,1.774,14.558,73.086,8.334,0.175,0.0,5.025,230.0,994.05,1004.15,0.62,1
59,1800,111.9,1,1,1,0,0,99.619,2.211,1,1,0,1,0,100.449,2.221,0,1,1,1,1,65.691,2.224,1,1,0,1,1,106.441,2.21,1,0,1,1,0,59.225,2.201,14.742,69.919,7.667,0.125,0.0,5.075,230.0,993.95,1004.05,0.64,1
59,2400,111.9,1,1,1,0,0,99.037,2.648,0,1,0,1,1,64.784,2.689,0,1,1,1,1,65.577,2.688,1,1,0,1,0,101.303,2.696,1,1,1,1,0,82.834,2.662,14.925,66.753,7.001,0.075,0.0,5.125,230.0,993.85,1003.95,0.66,1
59,3000,111.9,1,1,1,0,0,98.804,3.157,0,1,0,1,1,56.051,3.151,0,1,1,0,1,60.695,3.162,1,1,0,1,1,101.994,3.143,1,1,0,1,0,100.144,3.139,15.108,63.586,6.334,0.025,0.0,5.175,230.0,993.75,1003.85,0.68,1
60,0,111.9,1,1,1,0,1,104.823,7.778,0,1,0,0,1,52.715,7.758,0,1,1,0,1,61.987,7.774,1,1,0,1,1,105.257,7.739,1,1,1,1,1,110.43,7.766,15.308,61.002,5.501,0.0,0.0,5.258,200.0,993.725,1003.817,0.728,0
60,600,111.9,1,1,1,1,1,110.689,9.939,0,1,1,0,1,59.232,9.96,0,1,1,1,1,65.572,9.933,1,1,0,1,1,105.399,9.936,1,1,1,1,1,111.741,9.957,15.525,59.002,4.501,0.0,0.0,5.375,200.0,993.775,1003.85,0.805,0
60,1200,111.9,1,1,1,1,0,84.807,12.38,0,1,1,0,1,62.113,12.378,0,1,1,1,1,65.698,12.381,1,1,0,1,1,105.523,12.378,1,1,1,1,1,110.878,12.381,15.741,57.002,3.501,0.0,0.0,5.492,200.0,993.825,1003.883,0.882,0
60,1800,111.9,1,0,1,1,0,59.046,15.084,1,0,1,0,1,59.268,15.138,0,1,1,1,1,65.376,15.097,1,1,0,1,1,105.568,15.101,1,1,1,0,1,105.3,15.116,15.958,55.002,2.501,0.0,0.0,5.608,200.0,993.875,1003.917,0.958,0
60,2400,111.9,1,0,1,1,0,59.063,18.074,1,0,1,0,1,59.267,18.062,0,1,1,1,1,65.13,18.074,1,1,0,1,1,86.212,18.093,1,1,1,0,1,105.847,18.05,16.175,53.002,1.501,0.0,0.0,5.725,200.0,993.925,1003.95,1.035,0
60,3000,111.9,1,0,1,1,0,59.235,21.312,1,0,1,1,1,63.037,21.296,0,1,1,1,1,79.642,21.29,0,1,0,1,1,73.729,21.309,1,1,1,0,1,105.626,21.291,16.391,51.002,0.501,0.0,0.0,5.842,200.0,993.975,1003.983,1.112,0
61,0,174.0,1,0,1,1,0,60.203,22.999,1,0,1,1,0,59.3,22.993,0,1,1,1,1,65.842,23.011,1,1,1,1,1,112.102,23.048,1,1,0,1,1,104.8,23.007,16.508,50.0,0.0,0.0,0.0,5.917,230.0,994.008,1004.008,1.151,0
61,600,174.0,1,0,1,1,0,59.029,23.07,1,0,1,1,0,59.462,23.079,1,1,1,1,1,105.84,23.057,1,1,1,1,1,111.679,23.051,1,1,0,1,1,105.417,23.049,16.525,50.0,0.0,0.0,0.0,5.95,230.0,994.025,1004.025,1.152,0
61,1200,174.0,1,0,1,0,1,61.859,23.057,1,0,1,1,1,63.507,23.081,1,1,1,1,1,111.788,23.06,1,1,1,1,1,111.863,23.071,1,1,0,1,1,105.397,23.079,16.542,50.0,0.0,0.0,0.0,5.983,230.0,994.042,1004.042,1.154,0
61,1800,174.0,1,0,1,1,1,65.64,23.135,1,0,1,1,1,65.487,23.097,1,1,1,1,1,94.625,23.096,1,1,1,1,1,111.875,23.117,1,1,0,1,1,105.577,23.08,16.558,50.0,0.0,0.0,0.0,6.017,230.0,994.058,1004.058,1.156,0
61,2400,174.0,1,0,0,1,0,57.057,23.137,1,0,1,1,1,65.635,23.156,1,1,1,1,1,102.24,23.171,1,1,1,1,1,110.795,23.156,1,1,0,1,0,100.591,23.123,16.575,50.0,0.0,0.0,0.0,6.05,230.0,994.075,1004.075,1.158,0
61,3000,174.0,1,1,0,1,0,92.776,23.18,1,1,1,1,1,96.54,23.201,1,1,1,1,1,111.892,23.143,1,1,1,1,0,107.683,23.183,1,1,0,1,1,104.324,23.2,16.592,50.0,0.0,0.0,0.0,6.083,230.0,994.092,1004.092,1.159,0
62,0,174.0,1,0,1,1,0,52.031,22.641,1,1,1,1,1,112.183,22.622,1,1,1,1,1,111.998,22.621,1,1,1,1,1,111.924,22.597,1,1,0,1,1,103.044,22.634,16.625,50.25,0.0,0.0,0.0,5.959,230.0,994.133,1004.133,1.131,0
62,600,174.0,0,0,1,1,0,12.88,21.464,1,1,1,1,1,111.782,21.465,1,1,1,1,1,109.912,21.444,1,1,1,1,1,109.783,21.478,1,1,0,0,1,98.85,21.433,16.675,50.75,0.0,0.0,0.0,5.675,230.0,994.2,1004.2,1.073,0
62,1200,174.0,1,0,1,1,0,41.875,20.274,1,1,1,1,1,112.391,20.283,1,1,1,0,1,105.498,20.271,1,1,1,0,1,105.173,20.295,1,1,0,0,1,99.135,20.283,16.725,51.25,0.0,0.0,0.0,5.392,230.0,994.267,1004.267,1.014,0
62,1800,174.0,1,0,1,1,0,80.69,19.168,1,1,1,1,1,98.253,19.125,1,1,1,0,1,105.682,19.13,1,1,1,0,1,87.777,19.134,1,0,0,0,1,52.682,19.124,16.775,51.75,0.0,0.0,0.0,5.109,230.0,994.333,1004.333,0.956,0
62,2400,174.0,1,1,1,1,1,112.121,17.987,0,1,1,1,1,54.225,17.951,0,1,0,0,1,63.639,17.968,1,0,1,0,1,59.211,17.957,1,0,0,1,1,56.709,17.981,16.825,52.25,0.0,0.0,0.0,4.825,230.0,994.4,1004.4,0.898,0
62,3000,174.0,1,1,1,1,1,111.63,16.785,0,1,1,1,0,59.083,16.828,0,1,0,1,1,58.964,16.772,1,0,1,0,1,59.15,16.782,1,0,0,1,1,59.27,16.754,16.875,52.75,0.0,0.0,0.0,4.542,230.0,994.467,1004.467,0.839,0
63,0,174.0,1,1,1,1,1,111.791,16.377,0,1,1,1,0,59.245,16.389,0,1,0,1,1,59.451,16.364,1,0,1,0,1,57.556,16.404,1,0,0,1,1,60.992,16.402,16.892,53.166,0.0,0.0,0.0,4.45,230.0,994.5,1004.5,0.82,0
63,600,174.0,1,1,1,1,1,105.229,16.778,0,1,1,1,0,61.274,16.805,0,1,1,1,1,62.867,16.781,0,1,1,0,1,44.945,16.759,1,1,1,1,1,97.433,16.809,16.875,53.5,0.0,0.0,0.0,4.55,230.0,994.5,1004.5,0.84,0
63,1200,174.0,1,1,1,1,1,112.281,17.174,1,1,1,1,1,112.203,17.177,0,1,1,0,1,60.925,17.219,0,1,1,0,1,57.398,17.195,1,1,1,1,1,112.066,17.187,16.858,53.833,0.0,0.0,0.0,4.65,230.0,994.5,1004.5,0.86,0
63,1800,174.0,1,1,1,1,1,112.226,17.605,1,1,1,1,1,111.787,17.573,0,1,1,0,1,67.786,17.582,0,1,1,0,0,60.584,17.597,1,1,1,1,1,112.335,17.58,16.842,54.166,0.0,0.0,0.0,4.75,230.0,994.5,1004.5,0.88,0
63,2400,174.0,1,1,1,1,1,111.706,18.022,1,1,1,1,0,107.78,17.986,0,1,1,0,1,79.929,17.985,0,1,1,0,0,67.161,18.005,1,1,1,1,1,111.688,17.975,16.825,54.5,0.0,0.0,0.0,4.85,230.0,994.5,1004.5,0.9,0
63,3000,174.0,1,1,1,1,1,111.85,18.399,1,1,1,0,0,101.2,18.414,0,1,1,1,1,65.012,18.356,0,1,1,0,0,54.724,18.394,1,1,1,1,1,112.09,18.385,16.808,54.833,0.0,0.0,0.0,4.95,230.0,994.5,1004.5,0.92,0
64,0,174.0,1,1,1,1,1,112.184,18.057,1,1,1,0,0,99.178,18.093,0,0,1,1,1,36.725,18.07,1,1,1,1,1,109.09,18.102,1,1,1,1,1,109.79,18.062,16.758,55.166,0.0,0.0,0.0,4.983,200.0,994.525,1004.525,0.903,0
64,600,174.0,1,1,0,1,1,106.486,16.976,1,1,0,1,0,98.736,17.004,0,1,1,0,1,59.255,17.01,1,1,1,1,1,111.93,17.006,1,1,0,1,1,105.343,17.014,16.675,55.5,0.0,0.0,0.0,4.95,200.0,994.575,1004.575,0.85,0
64,1200,174.0,1,1,0,1,1,105.299,15.932,1,1,0,1,0,100.178,15.955,0,1,1,0,1,59.059,15.958,1,1,1,1,1,111.582,15.934,1,0,0,1,1,71.598,15.931,16.592,55.833,0.0,0.0,0.0,4.917,200.0,994.625,1004.625,0.797,0
64,1800,174.0,1,1,0,1,1,105.355,14.859,1,1,1,1,0,105.994,14.916,0,1,1,0,1,59.047,14.914,1,1,1,1,1,111.429,14.911,1,0,0,1,1,59.868,14.862,16.508,56.166,0.0,0.0,0.0,4.883,200.0,994.675,1004.675,0.743,0
64,2400,174.0,1,1,0,1,1,105.32,13.798,1,1,1,1,0,105.492,13.84,0,1,1,0,1,59.092,13.796,1,1,1,1,0,103.345,13.783,1,0,1,1,1,65.724,13.792,16.425,56.5,0.0,0.0,0.0,4.85,200.0,994.725,1004.725,0.69,0
64,3000,174.0,1,1,0,1,1,105.317,12.755,1,1,1,1,0,105.362,12.736,0,1,1,0,1,45.896,12.743,1,1,0,1,0,101.514,12.737,1,0,1,1,1,65.61,12.739,16.342,56.833,0.0,0.0,0.0,4.817,200.0,994.775,1004.775,0.637,0
65,0,174.0,1,1,0,1,1,105.244,12.521,1,1,1,1,0,105.7,12.483,1,0,1,0,1,40.102,12.514,1,1,0,0,1,99.591,12.505,1,0,1,1,1,65.579,12.501,16.225,57.499,0.0,0.0,0.0,4.725,230.0,994.858,1004.867,0.625,0
65,600,174.0,1,1,0,1,1,105.118,13.078,1,1,1,1,0,90.853,13.088,0,0,1,0,1,12.923,13.079,1,0,0,0,0,67.986,13.107,1,0,1,1,1,69.616,13.124,16.075,58.499,0.0,0.0,0.0,4.575,230.0,994.975,1005.0,0.655,0
65,1200,174.0,1,1,0,1,1,105.429,13.697,1,0,1,1,0,59.148,13.696,0,0,1,0,1,12.585,13.711,1,0,0,0,0,48.248,13.709,1,1,1,1,1,112.075,13.692,15.925,59.499,0.0,0.0,0.0,4.425,230.0,995.092,1005.133,0.685,0
65,1800,174.0,1,1,0,1,1,102.672,14.312,1,0,1,1,1,65.337,14.321,0,0,0,0,1,6.473,14.339,1,0,1,0,0,71.237,14.293,1,1,1,1,1,111.384,14.312,15.775,60.499,0.0,0.0,0.0,4.275,230.0,995.208,1005.267,0.715,0
65,2400,174.0,1,1,0,1,1,103.742,14.906,1,0,1,1,1,65.342,14.88,0,0,0,0,1,6.477,14.894,1,1,1,0,0,98.698,14.917,1,1,1,1,0,105.734,14.877,15.625,61.499,0.0,0.0,0.0,4.125,230.0,995.325,1005.4,0.745,0
65,3000,174.0,1,1,1,1,1,111.464,15.498,1,0,1,1,1,64.521,15.473,0,0,0,0,1,6.456,15.461,1,1,1,0,0,99.141,15.488,1,0,1,1,0,61.348,15.55,15.475,62.499,0.0,0.0,0.0,3.975,230.0,995.442,1005.533,0.775,0
66,0,111.9,1,1,1,1,1,94.871,15.115,1,0,0,1,1,59.351,15.151,1,0,0,0,1,46.909,15.144,1,1,1,0,0,99.102,15.099,1,1,1,1,1,97.699,15.137,15.259,63.582,0.0,0.0,0.0,4.075,230.0,995.55,1005.65,0.757,0
66,600,111.9,1,1,1,1,1,111.831,13.797,1,0,0,1,1,59.274,13.8,1,0,1,0,1,59.122,13.809,1,1,1,1,0,106.13,13.81,1,1,1,1,1,89.315,13.783,14.975,64.749,0.0,0.0,0.0,4.425,230.0,995.65,1005.75,0.69,0
66,1200,111.9,1,1,1,1,1,111.789,12.466,1,1,0,1,1,103.336,12.432,1,0,1,0,1,56.978,12.461,1,1,1,1,1,111.613,12.453,0,1,1,1,1,78.888,12.51,14.692,65.916,0.0,0.0,0.0,4.775,230.0,995.75,1005.85,0.623,0
66,1800,111.9,1,1,1,1,1,111.927,11.159,1,1,0,1,1,106.262,11.135,1,0,0,0,1,48.229,11.161,1,1,0,1,1,105.291,11.139,1,0,1,1,1,76.997,11.141,14.409,67.082,0.0,0.0,0.0,5.125,230.0,995.85,1005.95,0.557,0
66,2400,111.9,1,1,1,1,1,112.179,9.814,1,1,1,1,1,102.258,9.804,0,0,0,1,1,12.921,9.767,1,1,0,1,1,105.496,9.813,1,0,0,1,1,60.537,9.786,14.125,68.249,0.0,0.0,0.0,5.475,230.0,995.95,1006.05,0.49,0
66,3000,111.9,1,1,1,1,1,111.592,8.464,1,0,1,1,1,65.538,8.496,0,0,0,1,1,12.92,8.445,1,1,0,1,1,105.45,8.47,0,0,1,1,1,19.042,8.491,13.842,69.416,0.0,0.0,0.0,5.825,230.0,996.05,1006.15,0.423,0
67,0,111.9,1,1,1,1,1,110.316,7.213,1,0,1,1,1,65.842,7.211,0,0,0,1,1,12.932,7.178,0,1,0,1,1,77.759,7.185,0,0,1,1,1,19.21,7.152,13.625,70.166,0.0,0.0,0.0,5.825,200.0,996.167,1006.275,0.36,0
67,600,111.9,1,1,1,1,0,100.287,5.996,1,0,1,1,1,65.622,6.004,0,0,0,1,1,10.368,6.012,0,1,0,1,1,59.28,5.997,0,0,0,1,1,12.998,6.005,13.475,70.5,0.0,0.0,0.0,5.475,200.0,996.3,1006.425,0.3,0
67,1200,111.9,1,0,1,1,0,59.157,4.811,1,0,1,1,1,65.634,4.809,0,0,0,1,0,6.478,4.805,0,1,0,1,1,59.175,4.801,0,0,0,1,0,6.554,4.788,13.325,70.833,0.0,0.0,0.0,5.125,200.0,996.433,1006.575,0.24,0
67,1800,111.9,1,0,1,1,0,58.969,3.572,1,0,1,1,1,63.092,3.586,0,0,0,1,0,6.476,3.606,0,1,0,1,1,59.358,3.612,0,0,0,1,0,6.483,3.609,13.175,71.166,0.0,0.0,0.0,4.775,200.0,996.567,1006.725,0.18,0
67,2400,111.9,1,0,1,1,0,59.338,2.425,0,0,1,1,1,19.367,2.404,1,0,0,1,0,35.987,2.373,0,1,0,1,1,59.19,2.421,0,0,0,1,0,6.475,2.41,13.025,71.5,0.0,0.0,0.0,4.425,200.0,996.7,1006.875,0.12,0
67,3000,111.9,1,0,1,1,0,59.153,1.171,0,0,1,1,1,19.445,1.193,1,0,0,1,0,52.755,1.229,0,1,0,1,1,59.283,1.174,0,0,0,1,0,6.47,1.174,12.875,71.833,0.0,0.0,0.0,4.075,200.0,996.833,1007.025,0.06,0
68,0,111.9,1,0,1,1,0,58.076,0.0,0,0,1,1,1,19.438,0.0,1,0,0,1,0,51.158,0.0,0,1,0,1,1,59.205,0.0,0,0,0,0,0,0.086,0.0,12.758,72.0,0.0,0.0,0.0,3.784,180.0,996.975,1007.175,0.028,0
68,600,111.9,1,0,1,0,0,52.825,0.0,0,0,1,1,1,19.43,0.0,1,0,0,0,0,46.256,0.0,0,1,0,1,1,59.155,0.0,0,0,0,0,0,0.0,0.0,12.675,72.0,0.0,0.0,0.0,3.55,180.0,997.125,1007.325,0.023,0
68,1200,111.9,1,0,1,0,1,58.218,0.0,0,0,1,1,1,18.156,0.0,1,0,1,0,0,51.782,0.0,0,1,0,1,1,58.969,0.0,0,0,0,0,0,0.0,0.0,12.592,72.0,0.0,0.0,0.0,3.317,180.0,997.275,1007.475,0.018,0
68,1800,111.9,1,0,1,0,1,59.083,0.0,0,0,0,1,1,12.922,0.0,1,0,1,0,0,52.772,0.0,1,1,0,1,1,99.854,0.0,0,0,0,0,0,0.0,0.0,12.508,72.0,0.0,0.0,0.0,3.084,180.0,997.425,1007.625,0.012,0
68,2400,111.9,1,0,1,0,1,59.293,0.0,0,0,0,1,1,12.929,0.0,1,0,1,0,0,52.814,0.0,1,1,0,1,1,105.576,0.0,0,0,0,0,0,0.0,0.0,12.425,72.0,0.0,0.0,0.0,2.85,180.0,997.575,1007.775,0.008,0
68,3000,111.9,1,0,1,0,0,54.268,0.0,0,0,0,1,1,12.891,0.0,1,0,1,0,0,52.787,0.0,1,1,0,1,1,105.408,0.0,0,0,0,0,0,0.0,0.0,12.342,72.0,0.0,0.0,0.0,2.617,180.0,997.725,1007.925,0.002,0
69,0,111.9,1,0,1,0,0,63.882,0.0,0,1,0,1,0,46.535,0.0,1,0,1,0,0,52.528,0.0,1,1,0,1,1,105.229,0.0,0,0,0,0,0,18.517,0.0,12.25,72.25,0.0,0.0,0.0,2.5,250.0,997.8,1008.0,0.0,0
69,600,111.9,1,0,1,0,0,52.765,0.0,0,1,0,1,0,52.735,0.0,1,0,0,0,0,48.037,0.0,1,1,0,0,0,95.956,0.0,0,0,0,0,1,8.633,0.0,12.15,72.75,0.0,0.0,0.0,2.5,250.0,997.8,1008.0,0.0,0
69,1200,111.9,1,0,1,0,0,52.827,0.0,0,1,0,1,0,52.638,0.0,1,0,0,0,0,46.273,0.0,1,1,0,0,0,92.535,0.0,1,0,0,0,1,39.574,0.0,12.05,73.25,0.0,0.0,0.0,2.5,250.0,997.8,1008.0,0.0,0
69,1800,111.9,1,0,1,0,0,52.586,0.0,0,1,0,1,0,52.777,0.0,1,1,0,0,0,83.068,0.0,1,1,0,0,0,92.47,0.0,0,0,0,0,1,11.283,0.0,11.95,73.75,0.0,0.0,0.0,2.5,250.0,997.8,1008.0,0.0,0
69,2400,111.9,1,0,1,0,0,54.238,0.0,0,1,0,1,0,52.866,0.0,0,1,0,0,0,63.397,0.0,1,1,0,0,0,92.519,0.0,0,0,0,0,0,0.0,0.0,11.85,74.25,0.0,0.0,0.0,2.5,250.0,997.8,1008.0,0.0,0
69,3000,111.9,1,0,1,0,1,59.255,0.0,0,0,0,1,0,24.794,0.0,0,1,0,0,0,42.862,0.0,1,1,0,0,0,92.225,0.0,0,0,0,0,0,0.0,0.0,11.75,74.75,0.0,0.0,0.0,2.5,250.0,997.8,1008.0,0.0,0
70,0,111.9,1,0,1,0,1,59.25,0.0,0,0,0,1,0,6.469,0.0,0,0,0,0,0,0.0,0.0,1,1,0,0,0,92.417,0.0,0,0,0,0,0,0.0,0.0,11.658,75.083,0.0,0.0,0.0,2.517,230.0,997.792,1008.0,0.0,0
70,600,111.9,1,0,1,0,1,37.877,0.0,0,0,0,1,1,12.682,0.0,0,0,0,0,0,0.0,0.0,1,1,0,0,0,92.379,0.0,0,0,0,0,0,0.0,0.0,11.575,75.25,0.0,0.0,0.0,2.55,230.0,997.775,1008.0,0.0,0
70,1200,111.9,0,0,1,0,1,12.517,0.0,0,0,0,1,1,12.933,0.0,0,0,0,0,0,0.0,0.0,1,1,0,0,0,92.771,0.0,0,0,0,0,0,0.0,0.0,11.492,75.417,0.0,0.0,0.0,2.583,230.0,997.758,1008.0,0.0,0
70,1800,111.9,0,0,1,0,0,6.478,0.0,0,0,0,1,1,9.941,0.0,0,0,0,0,0,0.0,0.0,1,1,0,0,0,81.378,0.0,0,0,0,0,0,1.045,0.0,11.408,75.583,0.0,0.0,0.0,2.617,230.0,997.742,1008.0,0.0,0
70,2400,111.9,0,0,1,0,0,6.478,0.0,0,0,0,0,1,6.488,0.0,0,0,0,0,0,0.0,0.0,1,0,0,0,0,49.175,0.0,0,0,1,0,0,6.462,0.0,11.325,75.75,0.0,0.0,0.0,2.65,230.0,997.725,1008.0,0.0,0
70,3000,111.9,0,0,1,0,0,6.456,0.0,0,0,0,0,1,6.477,0.0,0,0,0,1,0,3.958,0.0,1,0,0,0,1,49.612,0.0,0,0,0,0,1,13.028,0.0,11.242,75.917,0.0,0.0,0.0,2.683,230.0,997.708,1008.0,0.0,0
71,0,111.9,0,0,1,0,0,6.484,0.0,0,0,0,0,1,6.479,0.0,0,0,1,1,0,10.686,0.0,1,0,0,0,0,46.138,0.0,1,0,0,0,1,52.762,0.0,11.158,76.333,0.0,0.0,0.0,2.7,230.0,997.725,1008.025,0.0,0
71,600,111.9,0,0,1,0,0,6.498,0.0,0,0,0,0,1,10.22,0.0,0,0,1,1,0,12.938,0.0,1,0,1,0,0,52.735,0.0,1,0,0,0,1,52.775,0.0,11.075,76.999,0.0,0.0,0.0,2.7,230.0,997.775,1008.075,0.0,0
71,1200,111.9,0,0,0,0,0,1.112,0.0,0,0,1,1,1,19.46,0.0,0,0,1,1,0,12.955,0.0,1,0,1,0,0,52.447,0.0,1,0,0,0,1,36.153,0.0,10.992,77.666,0.0,0.0,0.0,2.7,230.0,997.825,1008.125,0.0,0
71,1800,111.9,0,0,0,0,0,0.0,0.0,0,0,1,1,1,19.436,0.0,0,0,1,1,0,13.006,0.0,1,0,1,0,0,52.601,0.0,0,0,0,0,1,6.473,0.0,10.908,78.333,0.0,0.0,0.0,2.7,230.0,997.875,1008.175,0.0,0
71,2400,111.9,0,0,0,0,0,0.0,0.0,0,0,1,1,1,19.38,0.0,0,0,1,1,0,12.918,0.0,1,0,1,0,0,52.818,0.0,0,0,0,0,1,6.469,0.0,10.825,78.999,0.0,0.0,0.0,2.7,230.0,997.925,1008.225,0.0,0
71,3000,111.9,0,0,0,0,0,16.621,0.0,0,0,1,0,1,15.739,0.0,1,0,1,1,0,46.786,0.0,0,0,1,0,0,12.157,0.0,0,0,0,0,1,25.087,0.0,10.742,79.666,0.0,0.0,0.0,2.7,230.0,997.975,1008.275,0.0,0
72,0,84.5,1,0,0,0,0,46.398,0.0,0,0,1,0,1,12.964,0.0,1,0,1,1,0,59.156,0.0,0,0,1,0,0,6.477,0.0,0,1,0,0,1,52.09,0.0,10.683,80.083,0.0,0.0,0.0,2.658,200.0,997.983,1008.283,0.0,0
72,600,84.5,1,0,0,0,0,46.313,0.0,0,0,1,0,1,12.959,0.0,1,0,1,1,0,59.145,0.0,0,0,1,0,0,6.487,0.0,0,1,0,0,0,46.462,0.0,10.65,80.25,0.0,0.0,0.0,2.575,200.0,997.95,1008.25,0.0,0
72,1200,84.5,0,0,0,0,0,7.201,0.0,0,0,1,0,1,11.195,0.0,1,0,1,1,0,59.327,0.0,0,0,1,0,0,6.483,0.0,0,1,0,0,0,46.332,0.0,10.617,80.417,0.0,0.0,0.0,2.492,200.0,997.917,1008.217,0.0,0
72,1800,84.5,0,0,0,0,0,0.0,0.0,0,0,0,0,1,6.477,0.0,1,0,1,1,0,59.123,0.0,0,0,1,0,0,6.466,0.0,0,1,0,0,0,46.339,0.0,10.583,80.583,0.0,0.0,0.0,2.408,200.0,997.883,1008.183,0.0,0
72,2400,84.5,0,0,0,0,0,0.0,0.0,0,0,0,0,0,2.976,0.0,1,0,1,1,0,58.983,0.0,0,0,1,0,0,6.471,0.0,0,1,0,0,0,46.344,0.0,10.55,80.75,0.0,0.0,0.0,2.325,200.0,997.85,1008.15,0.0,0
72,3000,84.5,0,0,0,0,0,0.0,0.0,0,0,0,0,0,19.316,0.0,1,0,1,1,0,51.169,0.0,0,0,1,0,0,6.491,0.0,0,1,0,0,0,35.713,0.0,10.517,80.917,0.0,0.0,0.0,2.242,200.0,997.817,1008.117,0.0,0
73,0,84.5,0,0,0,0,0,0.0,0.0,1,0,0,0,0,46.196,0.0,0,0,1,0,0,7.601,0.0,0,0,1,0,0,6.484,0.0,0,0,0,0,0,0.0,0.0,10.475,80.834,0.0,0.0,0.0,2.067,180.0,997.767,1008.067,0.0,0
73,600,84.5,0,0,0,0,0,0.0,0.0,1,0,0,0,0,46.198,0.0,0,0,1,0,0,6.465,0.0,0,0,1,0,0,6.476,0.0,0,0,0,0,0,0.0,0.0,10.425,80.5,0.0,0.0,0.0,1.8,180.0,997.7,1008.0,0.0,0
73,1200,84.5,0,0,0,0,1,6.028,0.0,1,0,0,0,0,46.219,0.0,0,0,1,0,0,21.365,0.0,0,0,1,0,0,6.478,0.0,0,0,0,0,0,0.0,0.0,10.375,80.167,0.0,0.0,0.0,1.534,180.0,997.633,1007.933,0.0,0
73,1800,84.5,0,0,0,0,1,6.464,0.0,1,0,0,0,0,46.148,0.0,0,1,1,0,0,52.629,0.0,0,0,1,0,0,6.476,0.0,0,0,0,0,0,0.0,0.0,10.325,79.834,0.0,0.0,0.0,1.267,180.0,997.567,1007.867,0.0,0
73,2400,84.5,0,0,0,0,1,6.48,0.0,1,0,0,0,0,44.621,0.0,0,0,1,0,0,21.35,0.0,0,0,1,0,0,5.224,0.0,0,0,0,0,0,0.0,0.0,10.275,79.5,0.0,0.0,0.0,1.0,180.0,997.5,1007.8,0.0,0
73,3000,84.5,0,0,0,0,1,6.475,0.0,0,0,0,0,0,0.0,0.0,0,0,1,0,0,6.472,0.0,0,0,1,0,0,6.48,0.0,0,0,0,0,0,0.0,0.0,10.225,79.167,0.0,0.0,0.0,0.734,180.0,997.433,1007.733,0.0,0
74,0,84.5,0,0,0,0,1,6.488,0.0,0,0,0,0,0,0.0,0.0,0,0,1,0,0,6.453,0.0,0,0,1,0,0,6.465,0.0,0,0,0,0,0,0.0,0.0,10.183,79.083,0.0,0.0,0.0,0.725,160.0,997.375,1007.675,0.0,0
74,600,84.5,0,0,0,0,1,6.45,0.0,0,0,0,0,0,0.159,0.0,0,0,1,0,0,6.471,0.0,0,0,1,0,0,6.474,0.0,0,0,0,0,0,0.0,0.0,10.15,79.25,0.0,0.0,0.0,0.975,160.0,997.325,1007.625,0.0,0
74,1200,84.5,0,0,0,0,1,6.444,0.0,0,0,0,1,0,6.468,0.0,0,0,1,0,0,6.452,0.0,0,0,1,0,0,6.463,0.0,0,0,0,0,0,0.0,0.0,10.117,79.417,0.0,0.0,0.0,1.225,160.0,997.275,1007.575,0.0,0
74,1800,84.5,0,0,0,0,1,6.482,0.0,0,0,0,1,0,6.456,0.0,0,0,1,0,0,6.449,0.0,0,0,1,0,0,6.483,0.0,0,0,0,0,0,0.0,0.0,10.083,79.583,0.0,0.0,0.0,1.475,160.0,997.225,1007.525,0.0,0
74,2400,84.5,0,0,0,0,1,6.464,0.0,0,0,0,1,0,6.488,0.0,0,0,1,0,0,6.475,0.0,0,0,1,0,0,5.93,0.0,0,0,0,0,0,0.0,0.0,10.05,79.75,0.0,0.0,0.0,1.725,160.0,997.175,1007.475,0.0,0
74,3000,84.5,0,0,0,0,1,6.471,0.0,0,0,0,1,0,6.477,0.0,0,0,1,0,0,6.482,0.0,0,0,0,0,0,0.0,0.0,0,1,0,0,0,36.179,0.0,10.017,79.917,0.0,0.0,0.0,1.975,160.0,997.125,1007.425,0.0,0
75,0,84.5,1,0,0,0,1,36.282,0.0,0,0,0,1,0,6.455,0.0,0,0,1,0,0,6.471,0.0,0,0,0,0,0,0.0,0.0,0,1,0,0,0,46.267,0.0,9.95,80.083,0.0,0.0,0.0,2.008,180.0,997.092,1007.392,0.0,0
75,600,84.5,1,0,0,0,1,52.835,0.0,0,0,0,1,0,24.491,0.0,0,0,0,0,0,3.22,0.0,0,0,0,0,0,0.0,0.0,0,1,0,0,0,46.047,0.0,9.85,80.25,0.0,0.0,0.0,1.825,180.0,997.075,1007.375,0.0,0
75,1200,84.5,1,0,0,0,1,52.704,0.0,0,1,0,1,0,52.516,0.0,0,0,0,0,0,0.0,0.0,0,0,0,0,0,0.0,0.0,0,1,0,0,0,46.373,0.0,9.75,80.417,0.0,0.0,0.0,1.642,180.0,997.058,1007.358,0.0,0
75,1800,84.5,1,0,0,0,1,52.791,0.0,0,1,0,0,0,46.675,0.0,0,0,0,0,0,0.0,0.0,0,0,0,0,0,0.0,0.0,0,1,0,0,0,46.265,0.0,9.65,80.583,0.0,0.0,0.0,1.458,180.0,997.042,1007.342,0.0,0
75,2400,84.5,1,0,0,0,1,48.798,0.0,0,1,0,0,0,46.215,0.0,0,0,0,0,0,0.0,0.0,0,0,0,0,0,0.0,0.0,0,1,0,0,0,46.285,0.0,9.55,80.75,0.0,0.0,0.0,1.275,180.0,997.025,1007.325,0.0,0
75,3000,84.5,0,0,0,0,1,6.496,0.0,0,1,0,0,0,46.161,0.0,0,0,0,0,0,0.0,0.0,0,0,0,0,0,0.0,0.0,0,1,0,0,0,46.194,0.0,9.45,80.917,0.0,0.0,0.0,1.092,180.0,997.008,1007.308,0.0,0
76,0,84.5,0,0,0,0,1,6.489,0.0,0,1,0,0,0,46.276,0.0,0,0,0,0,0,0.0,0.0,0,0,0,0,0,0.0,0.0,0,1,0,0,0,37.959,0.0,9.383,81.166,0.0,0.0,0.0,0.975,140.0,996.975,1007.275,0.0,0
76,600,84.5,0,0,0,0,1,6.454,0.0,0,0,0,0,0,16.048,0.0,0,0,0,0,0,0.0,0.0,1,0,0,0,0,34.837,0.0,0,0,0,0,0,0.0,0.0,9.35,81.5,0.0,0.0,0.0,0.925,140.0,996.925,1007.225,0.0,0
76,1200,84.5,0,0,0,0,1,6.468,0.0,0,0,0,0,0,3.157,0.0,0,0,0,0,0,0.0,0.0,1,0,0,0,0,46.119,0.0,0,0,0,0,0,0.0,0.0,9.317,81.833,0.0,0.0,0.0,0.875,140.0,996.875,1007.175,0.0,0
76,1800,84.5,1,0,0,0,1,40.959,0.0,0,0,1,0,0,6.494,0.0,0,0,0,0,0,2.081,0.0,1,0,0,0,0,46.213,0.0,0,0,0,0,0,0.367,0.0,9.283,82.166,0.0,0.0,0.0,0.825,140.0,996.825,1007.125,0.0,0
76,2400,84.5,1,0,0,0,1,52.767,0.0,0,0,1,0,0,6.475,0.0,0,0,0,1,0,6.473,0.0,1,0,0,0,0,46.392,0.0,0,0,0,0,0,1.759,0.0,9.25,82.5,0.0,0.0,0.0,0.775,140.0,996.775,1007.075,0.0,0
76,3000,84.5,1,0,0,0,1,52.502,0.0,0,0,1,0,0,6.467,0.0,0,0,0,1,0,6.498,0.0,1,0,0,0,0,46.219,0.0,0,0,0,0,0,0.0,0.0,9.217,82.833,0.0,0.0,0.0,0.725,140.0,996.725,1007.025,0.0,0
77,0,84.5,1,0,0,0,1,50.9,0.0,0,0,1,0,0,6.491,0.0,0,0,0,1,0,6.457,0.0,1,0,0,0,0,46.339,0.0,0,0,0,0,0,0.0,0.0,9.175,83.083,0.0,0.0,0.0,0.758,70.0,996.708,1007.008,0.001,0
77,600,84.5,1,0,0,0,0,46.367,0.0,0,0,1,0,0,6.46,0.0,0,0,0,1,0,6.468,0.0,1,0,0,0,0,56.919,0.0,0,0,0,0,0,0.0,0.0,9.125,83.25,0.0,0.0,0.0,0.875,70.0,996.725,1007.025,0.002,0
77,1200,84.5,1,0,0,0,0,46.091,0.0,0,0,1,0,0,6.461,0.0,0,0,0,1,0,6.485,0.0,1,1,0,0,0,72.001,0.0,0,0,0,0,0,0.0,0.0,9.075,83.417,0.0,0.0,0.0,0.992,70.0,996.742,1007.042,0.004,0
77,1800,84.5,1,0,0,0,0,46.28,0.0,0,0,1,0,0,5.066,0.0,0,0,0,1,0,6.506,0.0,1,0,0,0,0,46.168,0.0,0,0,0,0,0,0.0,0.0,9.025,83.583,0.0,0.0,0.0,1.108,70.0,996.758,1007.058,0.006,0
77,2400,84.5,1,0,0,0,0,46.109,0.0,0,0,0,0,0,0.0,0.0,0,0,0,1,0,6.489,0.0,1,0,0,0,0,46.141,0.0,0,0,0,0,0,0.0,0.0,8.975,83.75,0.0,0.0,0.0,1.225,70.0,996.775,1007.075,0.008,0
77,3000,84.5,1,0,0,0,0,46.239,0.0,0,0,0,0,0,0.0,0.0,0,0,0,1,0,6.443,0.0,1,0,0,0,0,46.202,0.0,0,0,0,0,0,0.0,0.0,8.925,83.917,0.0,0.0,0.0,1.342,70.0,996.792,1007.092,0.009,0
78,0,84.5,1,0,0,0,0,46.181,0.75,0,0,0,0,0,0.0,0.747,1,0,0,1,0,39.533,0.748,1,0,0,0,0,46.19,0.758,0,0,0,0,0,0.0,0.748,8.975,83.75,0.0,0.0,0.0,1.442,70.0,996.792,1007.092,0.042,0
78,600,84.5,1,0,0,0,0,46.122,2.099,0,0,1,0,0,4.347,2.082,1,0,0,1,0,52.728,2.074,0,0,0,0,0,21.244,2.118,0,0,0,0,0,0.0,2.097,9.125,83.25,0.0,0.0,0.0,1.525,70.0,996.775,1007.075,0.105,0
78,1200,84.5,1,0,0,0,0,46.304,3.359,0,0,1,0,0,6.456,3.348,1,0,0,1,0,52.788,3.361,0,0,0,0,0,0.0,3.337,0,0,0,0,0,0.0,3.362,9.275,82.75,0.0,0.0,0.0,1.608,70.0,996.758,1007.058,0.168,0
78,1800,84.5,1,0,0,0,0,46.46,4.647,0,0,1,0,0,6.464,4.64,1,0,0,1,0,52.647,4.659,0,0,0,0,0,0.0,4.655,0,0,0,0,0,0.0,4.634,9.425,82.25,0.0,0.0,0.0,1.692,70.0,996.742,1007.042,0.232,0
78,2400,84.5,1,0,0,0,0,46.254,5.925,0,0,1,0,0,6.458,5.905,1,0,0,1,0,51.442,5.888,0,0,0,0,0,0.0,5.873,0,0,0,0,0,0.0,5.88,9.575,81.75,0.0,0.0,0.0,1.775,70.0,996.725,1007.025,0.295,0
78,3000,84.5,1,0,0,0,0,46.174,7.205,0,0,1,0,0,6.463,7.156,1,0,0,0,0,46.286,7.184,0,0,0,0,0,0.0,7.182,0,0,0,0,0,0.0,7.162,9.725,81.25,0.0,0.0,0.0,1.858,70.0,996.708,1007.008,0.358,0
79,0,111.9,1,0,0,0,0,27.033,8.947,0,0,1,0,0,9.439,8.965,1,0,0,0,0,46.211,8.963,0,0,0,0,0,0.0,8.92,0,0,0,0,0,0.849,8.942,9.958,80.334,0.0,0.0,0.0,1.95,110.0,996.658,1006.95,0.447,0
79,600,111.9,1,0,0,0,0,43.808,11.208,0,0,1,1,1,16.844,11.278,1,0,0,0,0,49.288,11.216,0,0,0,0,0,0.0,11.231,1,0,0,0,0,46.367,11.252,10.275,79.001,0.0,0.0,0.0,2.05,110.0,996.575,1006.85,0.562,0
79,1200,111.9,1,0,0,0,0,47.179,13.511,0,0,1,1,1,19.431,13.529,1,0,1,0,1,57.649,13.549,0,0,0,0,0,0.0,13.508,1,0,0,0,0,46.203,13.549,10.591,77.668,0.0,0.0,0.0,2.15,110.0,996.492,1006.75,0.677,0
79,1800,111.9,1,1,0,1,0,98.463,15.81,0,0,1,1,1,16.169,15.859,0,0,1,0,1,20.89,15.835,0,0,0,0,0,0.0,15.837,1,0,0,0,0,46.111,15.847,10.908,76.334,0.0,0.0,0.0,2.25,110.0,996.408,1006.65,0.792,0
79,2400,111.9,1,1,0,1,0,98.871,18.139,0,0,0,1,1,12.952,18.15,0,0,0,0,1,6.46,18.131,0,0,0,0,0,0.511,18.181,0,0,0,0,1,21.558,18.144,11.225,75.001,0.0,0.0,0.0,2.35,110.0,996.325,1006.55,0.907,0
79,3000,111.9,1,1,0,1,1,104.121,20.47,0,0,0,1,1,10.452,20.428,0,0,0,0,1,6.488,20.444,0,0,0,1,0,6.486,20.433,0,0,0,0,1,25.269,20.45,11.541,73.668,0.0,0.0,0.0,2.45,110.0,996.242,1006.45,1.022,0
80,0,111.9,1,1,0,1,1,105.797,22.421,0,0,0,0,1,6.467,22.432,0,0,0,0,1,27.197,22.441,0,0,1,1,0,10.13,22.418,1,1,0,1,1,99.14,22.384,11.875,72.334,0.0,0.0,0.0,2.442,70.0,996.167,1006.358,1.121,0
80,600,111.9,1,1,0,1,0,92.604,24.073,0,0,1,1,0,12.651,24.042,1,1,1,0,1,100.272,24.05,1,0,1,1,0,43.87,24.011,1,1,0,1,1,105.607,24.032,12.225,71.001,0.0,0.0,0.0,2.325,70.0,996.1,1006.275,1.202,0
80,1200,111.9,0,1,0,1,0,52.729,25.673,0,0,1,1,0,12.921,25.69,1,1,1,0,1,105.636,25.677,1,0,1,0,0,52.679,25.677,1,1,1,1,1,110.807,25.737,12.575,69.668,0.0,0.0,0.0,2.208,70.0,996.033,1006.192,1.284,0
80,1800,111.9,0,1,0,1,0,51.383,27.321,0,0,1,1,0,9.883,27.32,1,1,1,0,1,108.543,27.31,1,1,0,0,0,78.392,27.29,1,1,1,1,1,111.647,27.341,12.925,68.334,0.0,0.0,0.0,2.092,70.0,995.967,1006.108,1.366,0
80,2400,111.9,0,1,0,0,0,46.155,28.926,0,0,0,1,0,6.475,28.935,1,1,1,1,0,106.034,28.987,1,1,0,1,1,83.984,28.944,1,1,1,1,1,109.212,28.968,13.275,67.001,0.0,0.0,0.0,1.975,70.0,995.9,1006.025,1.447,0
80,3000,111.9,1,1,0,0,0,76.272,30.634,1,0,0,1,1,50.644,30.567,0,1,1,1,0,45.003,30.575,1,1,0,0,1,101.538,30.579,1,1,1,0,1,105.06,30.558,13.625,65.668,0.0,0.0,0.0,1.858,70.0,995.833,1005.942,1.529,0
81,0,111.9,1,1,0,1,1,102.389,32.798,1,0,0,1,1,60.341,32.859,0,0,1,1,0,46.926,32.812,1,1,0,0,1,99.04,32.804,0,1,1,0,1,60.453,32.821,13.95,64.085,0.0,0.0,0.0,1.842,70.0,995.758,1005.858,1.641,0
81,600,111.9,1,1,0,0,1,98.985,35.627,1,0,1,1,1,65.613,35.645,1,1,1,1,0,104.974,35.668,1,1,0,0,1,98.875,35.622,0,1,1,0,1,59.299,35.646,14.25,62.252,0.0,0.0,0.0,1.925,70.0,995.675,1005.775,1.782,0
81,1200,111.9,1,1,0,0,1,101.674,38.452,1,0,1,1,1,62.869,38.478,1,1,1,1,1,111.868,38.46,1,1,1,0,1,100.073,38.498,0,1,1,0,1,59.176,38.497,14.55,60.418,0.0,0.0,0.0,2.008,70.0,995.592,1005.692,1.924,0
81,1800,111.9,1,1,0,1,1,105.448,41.299,0,0,1,0,0,9.001,41.294,1,1,1,1,1,105.707,41.314,1,1,1,0,1,105.278,41.301,1,1,1,1,1,99.209,41.31,14.85,58.585,0.0,0.0,0.0,2.092,70.0,995.508,1005.608,2.066,0
81,2400,111.9,1,1,1,1,1,109.103,44.141,0,0,1,0,0,6.46,44.18,0,1,1,1,1,65.66,44.151,1,1,1,0,1,105.144,44.163,1,1,1,1,1,111.763,44.166,15.15,56.752,0.0,0.0,0.0,2.175,70.0,995.425,1005.525,2.207,0
81,3000,111.9,1,1,1,1,1,108.809,46.976,0,0,1,0,0,6.493,46.964,0,1,1,1,1,65.778,46.955,1,1,1,0,1,105.562,46.967,1,1,0,1,1,108.165,46.98,15.45,54.918,0.0,0.0,0.0,2.258,70.0,995.342,1005.442,2.349,0
82,0,111.9,1,1,1,0,1,105.07,49.253,0,0,1,0,0,6.477,49.244,0,1,1,0,1,59.934,49.235,1,1,1,0,1,105.253,49.24,1,0,0,1,1,74.527,49.26,15.741,53.667,0.0,0.0,0.0,2.433,180.0,995.25,1005.342,2.466,0
82,600,111.9,1,1,1,0,1,105.505,49.984,1,0,1,0,0,47.318,49.982,0,1,1,0,1,62.402,49.986,1,1,1,0,1,105.451,49.988,1,0,0,1,1,59.302,49.98,16.025,53.001,0.0,0.0,0.0,2.7,180.0,995.15,1005.225,2.557,0
82,1200,111.9,1,1,1,0,1,105.833,50.0,1,0,1,0,0,52.867,50.0,1,1,1,1,1,101.808,50.0,1,1,0,0,1,95.828,50.0,1,0,0,1,1,59.07,50.0,16.308,52.334,0.0,0.0,0.0,2.966,180.0,995.05,1005.108,2.649,0
82,1800,111.9,1,1,1,0,1,105.555,50.0,1,0,1,0,1,57.279,50.0,1,1,1,1,1,111.878,50.0,0,1,0,1,1,61.448,50.0,1,0,0,1,1,59.29,50.0,16.591,51.667,0.0,0.0,0.0,3.233,180.0,994.95,1004.992,2.741,0
82,2400,111.9,1,1,1,1,1,111.496,50.0,1,0,1,0,1,59.091,50.0,1,1,1,1,1,95.22,50.0,1,1,1,1,1,111.823,50.0,1,0,0,1,1,59.191,50.0,16.875,51.001,0.0,0.0,0.0,3.5,180.0,994.85,1004.875,2.832,0
82,3000,111.9,1,1,1,1,1,111.874,50.0,1,0,1,0,1,76.13,50.0,0,1,1,1,1,62.678,50.0,1,1,1,1,1,99.434,50.0,1,1,0,1,1,99.692,50.0,17.158,50.334,0.0,0.0,0.0,3.766,180.0,994.75,1004.758,2.924,0
83,0,111.9,1,1,1,1,1,112.034,50.0,1,1,1,0,0,100.567,50.0,0,1,1,1,1,65.52,50.0,1,1,1,1,1,91.309,50.0,1,1,1,1,1,112.178,50.0,17.416,49.75,0.0,0.0,0.0,3.975,200.0,994.608,1004.6,2.995,0
83,600,111.9,1,1,1,1,1,111.76,50.0,1,1,1,0,0,99.297,50.0,0,1,1,1,1,87.272,50.0,0,1,1,1,1,65.713,50.0,1,1,0,1,1,101.772,50.0,17.65,49.25,0.0,0.0,0.0,4.125,200.0,994.425,1004.4,3.045,0
83,1200,111.9,1,1,1,1,1,112.064,50.0,1,1,1,0,0,91.165,50.0,1,1,1,1,1,111.839,50.0,0,1,1,1,1,65.6,50.0,1,1,0,0,1,80.801,50.0,17.883,48.75,0.0,0.0,0.0,4.275,200.0,994.242,1004.2,3.095,0
83,1800,111.9,1,1,1,1,1,111.396,50.0,1,1,1,0,0,98.833,50.0,1,1,1,0,1,107.426,50.0,0,1,1,0,1,60.219,50.0,0,1,0,0,0,47.98,50.0,18.116,48.25,0.0,0.0,0.0,4.425,200.0,994.058,1004.0,3.145,0
83,2400,111.9,1,1,1,1,1,111.892,50.0,1,1,1,0,0,98.57,50.0,1,1,1,0,1,107.183,50.0,0,1,1,0,1,59.355,50.0,0,1,0,0,0,34.029,50.0,18.35,47.75,0.0,0.0,0.0,4.575,200.0,993.875,1003.8,3.195,0
83,3000,111.9,1,1,1,1,0,107.94,50.0,1,1,1,0,0,99.043,50.0,1,1,1,1,1,112.07,50.0,0,1,1,0,1,50.193,50.0,0,0,1,0,0,21.222,50.0,18.583,47.25,0.0,0.0,0.0,4.725,200.0,993.692,1003.6,3.245,0
84,0,111.9,1,1,1,1,0,105.566,50.0,1,1,1,1,0,104.877,50.0,1,1,1,1,1,111.86,50.0,0,0,1,0,1,18.808,50.0,1,1,1,0,1,89.824,50.0,18.775,46.584,0.25,0.0,0.0,4.9,230.0,993.5,1003.392,3.266,0
84,600,111.9,1,1,1,1,0,98.942,50.0,1,1,1,1,0,105.419,50.0,1,1,1,1,1,111.527,50.0,1,1,1,0,1,99.082,50.0,1,1,1,0,1,86.121,50.0,18.925,45.751,0.75,0.0,0.0,5.1,230.0,993.3,1003.175,3.258,0
84,1200,111.9,0,1,1,1,0,59.105,50.0,1,1,0,1,0,94.538,50.0,1,1,1,1,1,112.153,50.0,1,1,1,1,1,110.573,50.0,1,1,0,0,1,98.656,50.0,19.075,44.917,1.25,0.0,0.0,5.3,230.0,993.1,1002.959,3.249,0
84,1800,111.9,0,1,1,1,0,58.819,50.0,0,1,1,0,1,42.005,50.0,1,1,0,1,1,107.374,50.0,1,1,1,1,1,111.887,50.0,1,1,0,0,1,99.656,50.0,19.225,44.084,1.75,0.0,0.0,5.5,230.0,992.9,1002.742,3.241,0
84,2400,111.9,0,1,1,1,0,59.221,50.0,0,0,0,0,1,6.47,50.0,1,1,0,1,1,107.775,50.0,1,1,1,1,1,111.955,49.999,1,1,1,1,1,103.908,49.999,19.375,43.251,2.25,0.0,0.0,5.7,230.0,992.7,1002.525,3.233,0
84,3000,111.9,0,1,1,1,0,59.196,49.252,0,0,1,0,1,12.378,49.219,1,1,1,1,1,112.321,49.275,1,1,1,1,1,111.958,49.254,0,1,1,1,1,62.677,49.278,19.525,42.417,2.75,0.0,0.0,5.9,230.0,992.5,1002.309,3.224,0
85,0,174.0,0,1,1,1,0,67.622,48.308,0,0,1,0,1,12.961,48.322,1,1,1,1,1,111.489,48.315,1,1,1,1,1,111.808,48.306,0,0,1,1,1,19.349,48.308,19.667,41.75,2.917,0.0,0.0,6.0,200.0,992.358,1002.158,3.213,0
85,600,174.0,0,1,1,1,0,80.821,48.982,0,0,1,0,1,12.981,48.976,1,1,1,1,1,111.686,49.01,1,1,1,1,1,112.367,48.993,0,0,1,1,1,18.949,48.994,19.8,41.25,2.75,0.0,0.0,6.0,200.0,992.275,1002.075,3.198,0
85,1200,174.0,0,1,1,1,0,59.228,49.596,0,0,1,0,1,35.676,49.56,1,1,1,1,1,108.518,49.598,1,1,1,1,1,105.185,49.589,0,0,0,1,1,26.458,49.567,19.933,40.75,2.583,0.0,0.0,6.0,200.0,992.192,1001.992,3.183,0
85,1800,174.0,0,1,1,1,0,59.148,49.909,0,0,1,0,1,12.93,49.898,1,1,1,1,1,96.601,49.914,1,0,1,1,1,65.861,49.935,1,0,1,1,1,62.691,49.926,20.067,40.25,2.417,0.0,0.0,6.0,200.0,992.108,1001.908,3.168,0
85,2400,174.0,0,1,1,1,1,64.188,49.993,0,1,1,0,1,41.873,49.996,0,1,1,1,1,65.518,49.995,1,1,1,1,1,106.576,49.994,0,1,1,0,1,59.275,49.994,20.2,39.75,2.25,0.0,0.0,6.0,200.0,992.025,1001.825,3.153,0
85,3000,174.0,0,1,0,1,1,60.234,50.0,0,1,0,0,1,52.798,50.0,0,1,1,1,1,65.681,50.0,1,0,1,1,0,59.062,50.0,0,1,1,0,1,58.491,50.0,20.333,39.25,2.083,0.0,0.0,6.0,200.0,991.942,1001.742,3.138,0
86,0,174.0,0,1,0,1,1,59.312,50.0,0,1,1,0,1,52.512,50.0,0,1,1,0,1,64.157,50.0,1,0,1,1,1,64.374,50.0,0,1,1,0,1,51.19,50.0,20.408,38.834,1.834,0.0,0.0,6.042,230.0,991.8,1001.6,3.088,0
86,600,174.0,0,1,0,1,1,59.412,50.0,0,0,1,0,0,9.471,50.0,0,1,1,1,1,63.231,50.0,1,0,1,1,1,65.704,50.0,1,0,1,0,1,59.253,50.0,20.425,38.5,1.5,0.0,0.0,6.125,230.0,991.6,1001.4,3.003,0
86,1200,174.0,0,1,0,1,1,59.404,50.0,0,0,1,0,1,12.915,50.0,0,1,1,1,1,65.666,50.0,1,0,1,1,1,65.54,50.0,1,0,1,0,1,59.223,50.0,20.442,38.167,1.167,0.0,0.0,6.208,230.0,991.4,1001.2,2.918,0
86,1800,174.0,0,0,1,1,0,19.617,50.0,0,0,1,0,1,12.919,50.0,0,1,1,1,1,88.821,50.0,1,0,1,1,1,75.572,50.0,1,0,1,0,1,59.863,50.0,20.458,37.834,0.834,0.0,0.0,6.292,230.0,991.2,1001.0,2.833,0
86,2400,174.0,0,0,1,1,0,15.786,50.0,0,0,1,0,1,13.218,50.0,1,1,1,1,1,110.913,50.0,1,1,1,1,1,111.99,50.0,1,0,1,1,1,65.535,50.0,20.475,37.5,0.5,0.0,0.0,6.375,230.0,991.0,1000.8,2.748,0
86,3000,174.0,0,0,0,1,0,10.493,50.0,0,0,1,1,1,40.431,50.0,1,1,1,0,1,105.154,50.0,1,1,1,1,1,111.865,50.0,1,0,1,1,1,58.018,50.0,20.492,37.167,0.167,0.0,0.0,6.458,230.0,990.8,1000.6,2.663,0
87,0,174.0,0,0,0,0,1,6.473,49.179,0,0,1,0,1,34.364,49.188,1,1,1,0,1,105.635,49.169,1,1,1,1,1,112.098,49.202,0,0,1,1,1,17.825,49.14,20.425,37.499,0.499,0.0,0.0,6.65,200.0,990.617,1000.417,2.598,0
87,600,174.0,0,1,0,0,1,42.298,44.539,0,0,1,1,1,17.112,44.546,0,1,1,0,1,75.603,44.61,1,1,1,1,1,111.968,44.546,0,0,1,1,1,24.767,44.55,20.275,38.499,1.499,0.0,0.0,6.95,200.0,990.45,1000.25,2.553,0
87,1200,174.0,0,1,0,0,1,56.734,39.508,0,0,1,1,1,17.447,39.486,0,1,1,0,0,54.578,39.485,1,1,1,1,1,112.279,39.54,0,1,1,1,1,65.591,39.479,20.125,39.499,2.499,0.0,0.0,7.25,200.0,990.283,1000.083,2.508,0
87,1800,174.0,0,1,1,1,1,65.616,34.635,1,0,1,1,0,42.528,34.649,0,1,1,0,0,52.675,34.587,1,1,1,1,1,107.356,34.635,0,1,1,1,1,65.552,34.608,19.975,40.499,3.499,0.0,0.0,7.55,200.0,990.117,999.917,2.463,0
87,2400,174.0,0,1,1,1,1,78.606,29.844,1,0,1,1,0,59.336,29.893,0,1,1,0,0,52.872,29.878,1,0,1,0,1,61.795,29.876,1,1,1,1,1,90.141,29.862,19.825,41.499,4.499,0.0,0.0,7.85,200.0,989.95,999.75,2.418,0
87,3000,174.0,1,1,1,1,1,92.71,25.262,1,0,1,1,0,57.416,25.287,0,1,1,0,0,54.022,25.308,1,0,1,1,1,64.809,25.283,1,1,1,1,1,112.205,25.25,19.675,42.499,5.499,0.0,0.0,8.15,200.0,989.783,999.583,2.373,0
88,0,174.0,0,1,1,1,1,64.512,22.364,1,0,1,0,0,60.928,22.324,0,1,1,1,0,61.735,22.348,1,0,1,1,1,65.77,22.359,1,1,1,1,1,111.87,22.345,19.467,43.832,6.0,0.0,0.0,8.117,200.0,989.717,999.525,2.279,0
88,600,174.0,0,1,1,0,1,59.333,20.945,1,1,1,0,0,98.657,20.957,0,1,1,1,1,65.73,20.968,1,1,1,1,1,102.097,20.964,1,1,1,1,1,102.886,20.942,19.2,45.499,6.0,0.0,0.0,7.75,200.0,989.75,999.575,2.138,0
88,1200,174.0,0,1,1,0,1,50.295,19.531,1,1,1,0,0,98.906,19.537,0,1,1,1,1,65.679,19.539,1,0,1,1,1,65.896,19.583,1,0,1,0,1,84.372,19.552,18.934,47.165,6.0,0.0,0.0,7.384,200.0,989.783,999.625,1.996,0
88,1800,174.0,0,0,1,0,1,12.93,18.135,1,1,1,0,0,99.02,18.169,1,1,1,1,0,85.2,18.156,1,0,1,1,1,65.903,18.193,1,0,1,0,1,59.1,18.173,18.667,48.832,6.0,0.0,0.0,7.017,200.0,989.817,999.675,1.854,0
88,2400,174.0,0,0,1,0,1,12.962,16.783,1,1,1,0,0,98.847,16.754,1,1,1,1,1,111.745,16.783,1,0,1,1,1,50.292,16.805,0,0,1,0,1,30.073,16.772,18.4,50.499,6.0,0.0,0.0,6.65,200.0,989.85,999.725,1.713,0
88,3000,174.0,0,0,1,0,1,13.015,15.376,1,1,1,0,0,99.238,15.386,1,1,1,1,1,111.558,15.392,0,0,1,1,1,19.058,15.379,0,1,1,0,1,59.219,15.405,18.134,52.165,6.0,0.0,0.0,6.284,200.0,989.883,999.775,1.571,0
89,0,174.0,0,0,1,0,1,12.939,13.589,1,1,1,0,0,99.375,13.565,1,1,1,1,1,111.959,13.599,0,0,1,1,1,42.721,13.581,0,1,1,0,1,57.773,13.628,17.867,53.998,6.25,0.0,0.0,6.058,230.0,989.958,999.867,1.448,0
89,600,174.0,0,0,1,0,1,12.947,11.434,1,1,1,0,0,98.957,11.451,1,1,1,1,1,108.814,11.494,0,1,0,1,1,61.385,11.438,0,1,0,0,1,58.713,11.411,17.6,55.998,6.75,0.0,0.0,5.975,230.0,990.075,1000.0,1.343,0
89,1200,174.0,0,0,1,0,1,12.911,9.531,0,1,1,1,0,59.328,9.459,1,1,1,1,1,110.058,9.498,0,1,0,1,1,76.02,9.502,1,1,0,0,1,101.017,9.49,17.334,57.998,7.25,0.0,0.0,5.892,230.0,990.192,1000.133,1.238,0
89,1800,174.0,0,0,1,0,1,12.923,7.719,0,1,1,1,0,59.122,7.749,0,1,1,1,1,65.733,7.751,1,0,0,1,1,61.66,7.723,1,1,0,0,1,83.11,7.742,17.067,59.998,7.75,0.0,0.0,5.808,230.0,990.308,1000.267,1.133,0
89,2400,174.0,1,0,1,1,1,46.033,6.139,0,0,1,1,0,13.295,6.165,0,1,1,1,1,65.508,6.146,1,0,0,0,1,52.575,6.153,0,1,0,1,1,56.388,6.137,16.8,61.998,8.25,0.0,0.0,5.725,230.0,990.425,1000.4,1.028,0
89,3000,174.0,1,0,1,1,1,65.247,4.744,0,0,1,1,1,17.904,4.759,0,1,1,1,1,65.556,4.728,1,0,0,0,1,52.688,4.713,0,1,0,1,1,59.892,4.725,16.534,63.998,8.75,0.0,0.0,5.642,230.0,990.542,1000.533,0.923,0
90,0,111.9,1,0,1,1,0,73.926,4.143,0,0,1,1,0,12.921,4.151,0,1,1,1,0,61.944,4.091,1,0,0,0,0,47.595,4.129,0,1,1,1,0,54.497,4.137,16.292,65.582,8.834,0.0,0.0,5.517,230.0,990.658,1000.658,0.831,0
90,600,111.9,1,1,1,0,0,100.672,4.161,0,0,1,1,0,12.96,4.19,0,1,1,0,1,59.379,4.152,1,0,0,0,1,50.557,4.184,0,1,1,1,0,59.219,4.163,16.075,66.749,8.5,0.0,0.0,5.35,230.0,990.775,1000.775,0.753,0
90,1200,111.9,1,1,0,0,0,94.34,4.134,0,0,1,1,0,12.526,4.112,0,1,1,1,1,63.322,4.11,1,0,0,0,1,52.86,4.112,0,1,1,1,0,60.918,4.118,15.859,67.916,8.167,0.0,0.0,5.183,230.0,990.892,1000.892,0.674,0
90,1800,111.9,1,1,0,1,0,99.606,4.009,0,0,1,0,0,22.835,3.998,0,1,1,0,1,65.033,3.976,1,0,0,0,1,52.622,3.971,0,1,1,1,0,60.071,4.006,15.642,69.082,7.834,0.0,0.0,5.017,230.0,991.008,1001.008,0.596,0
90,2400,111.9,1,1,1,1,0,105.781,3.766,0,1,1,0,0,52.75,3.787,1,1,1,0,1,105.569,3.786,1,0,0,0,1,51.172,3.768,0,1,1,1,0,58.775,3.74,15.425,70.249,7.5,0.0,0.0,4.85,230.0,991.125,1001.125,0.518,0
90,3000,111.9,1,1,1,1,1,112.422,3.401,0,1,1,1,0,58.927,3.403,1,1,1,0,1,105.778,3.417,1,0,0,0,0,48.048,3.413,0,1,1,0,1,59.244,3.416,15.209,71.416,7.167,0.0,0.0,4.683,230.0,991.242,1001.242,0.439,0
91,0,111.9,1,1,1,1,1,112.033,3.22,0,1,0,1,0,34.734,3.21,1,1,1,1,1,112.184,3.218,1,0,1,0,0,42.436,3.187,0,1,0,0,1,55.279,3.163,15.017,72.416,6.667,0.0,0.0,4.425,250.0,991.416,1001.425,0.369,0
91,600,111.9,1,1,1,1,1,111.91,2.993,0,0,0,1,0,6.485,3.002,1,1,1,1,1,111.802,2.975,0,0,1,0,0,6.49,3.017,0,1,0,0,1,52.75,3.013,14.85,73.249,6.001,0.0,0.0,4.075,250.0,991.65,1001.675,0.308,0
91,1200,111.9,0,0,1,0,1,20.913,2.69,0,0,0,1,0,6.478,2.732,1,1,1,1,1,78.492,2.635,0,0,1,0,0,6.485,2.668,0,1,0,0,1,52.697,2.641,14.683,74.083,5.334,0.0,0.0,3.725,250.0,991.883,1001.925,0.246,0
91,1800,111.9,0,0,1,0,1,12.927,2.194,0,0,0,1,0,6.483,2.202,0,0,1,1,0,12.659,2.193,0,0,1,0,0,8.572,2.212,0,1,1,0,1,58.562,2.205,14.517,74.916,4.667,0.0,0.0,3.375,250.0,992.116,1002.175,0.184,0
91,2400,111.9,0,0,1,0,1,12.923,1.572,0,0,0,1,0,6.491,1.595,0,0,1,1,0,12.964,1.608,0,1,0,0,0,46.861,1.629,0,1,0,0,1,52.991,1.617,14.35,75.749,4.001,0.0,0.0,3.025,250.0,992.35,1002.425,0.123,0
91,3000,111.9,0,0,1,0,1,12.953,0.832,0,0,1,1,0,10.545,0.86,0,0,1,1,0,12.962,0.834,0,1,0,0,0,47.283,0.835,0,1,0,0,1,52.821,0.855,14.183,76.583,3.334,0.0,0.0,2.675,250.0,992.583,1002.675,0.061,0
92,0,111.9,0,0,1,0,1,12.92,0.0,0,0,1,1,1,19.496,0.0,0,0,1,1,0,12.945,0.0,0,1,0,1,0,52.74,0.0,0,0,0,0,1,25.92,0.0,14.042,77.499,2.75,0.0,0.0,2.508,250.0,992.8,1002.9,0.028,0
92,600,111.9,0,0,1,0,1,12.936,0.0,0,0,1,1,0,14.462,0.0,1,0,1,1,1,70.131,0.0,0,1,0,1,0,52.711,0.0,0,0,0,0,1,3.427,0.0,13.925,78.499,2.25,0.0,0.0,2.525,250.0,993.0,1003.1,0.023,0
92,1200,111.9,0,0,1,0,1,12.931,0.0,0,0,1,1,0,12.988,0.0,1,1,1,1,1,109.726,0.0,0,1,0,1,0,52.848,0.0,0,0,0,0,0,0.0,0.0,13.808,79.499,1.75,0.0,0.0,2.542,250.0,993.2,1003.3,0.018,0
92,1800,111.9,0,0,1,0,1,12.921,0.0,0,0,1,1,0,12.945,0.0,1,1,1,0,0,99.252,0.0,0,1,0,1,0,52.692,0.0,0,0,0,0,0,0.0,0.0,13.692,80.499,1.25,0.0,0.0,2.558,250.0,993.4,1003.5,0.012,0
92,2400,111.9,0,0,1,0,1,12.958,0.0,0,0,1,1,0,12.949,0.0,1,1,1,0,0,98.746,0.0,0,1,0,1,0,57.864,0.0,0,0,0,0,0,0.0,0.0,13.575,81.499,0.75,0.0,0.0,2.575,250.0,993.6,1003.7,0.008,0
92,3000,111.9,0,0,1,0,1,12.932,0.0,0,0,1,1,0,12.928,0.0,1,1,1,0,0,98.811,0.0,1,1,0,1,0,98.878,0.0,0,0,0,0,0,0.0,0.0,13.458,82.499,0.25,0.0,0.0,2.592,250.0,993.8,1003.9,0.002,0
93,0,111.9,0,0,1,0,1,19.46,0.0,1,0,1,1,0,38.099,0.0,1,1,1,0,0,99.216,0.0,0,1,0,1,0,73.871,0.0,0,0,0,0,0,10.535,0.0,13.383,82.75,0.0,0.0,0.0,2.6,250.0,993.983,1004.083,0.0,0
93,600,111.9,1,0,1,0,0,55.935,0.0,1,0,0,1,0,55.341,0.0,1,1,1,0,0,96.353,0.0,0,1,1,0,0,52.804,0.0,1,0,0,0,0,46.402,0.0,13.35,82.25,0.0,0.0,0.0,2.6,250.0,994.15,1004.25,0.0,0
93,1200,111.9,1,0,1,0,0,52.732,0.0,1,0,0,1,0,52.882,0.0,1,1,1,0,0,98.732,0.0,0,1,1,0,0,52.784,0.0,1,0,0,0,0,46.104,0.0,13.317,81.75,0.0,0.0,0.0,2.6,250.0,994.317,1004.417,0.0,0
93,1800,111.9,1,0,1,0,0,52.776,0.0,1,0,0,1,0,51.032,0.0,1,1,1,0,0,98.538,0.0,0,1,1,0,0,52.795,0.0,0,1,0,0,0,54.541,0.0,13.283,81.25,0.0,0.0,0.0,2.6,250.0,994.483,1004.583,0.0,0
93,2400,111.9,1,0,1,0,0,52.691,0.0,1,0,0,0,0,46.271,0.0,1,1,1,0,0,98.952,0.0,0,1,1,0,0,52.681,0.0,0,1,0,0,0,46.269,0.0,13.25,80.75,0.0,0.0,0.0,2.6,250.0,994.65,1004.75,0.0,0
93,3000,111.9,1,0,1,0,0,52.864,0.0,1,0,0,0,0,46.249,0.0,1,1,0,0,0,91.896,0.0,0,1,1,0,0,52.621,0.0,0,1,0,0,0,46.181,0.0,13.217,80.25,0.0,0.0,0.0,2.6,250.0,994.817,1004.917,0.0,0
94,0,111.9,1,0,1,0,0,55.61,0.0,1,0,0,0,0,46.078,0.0,1,0,0,0,0,46.388,0.0,0,1,1,1,0,57.982,0.0,0,1,0,0,0,46.211,0.0,13.183,79.667,0.0,0.0,0.0,2.667,250.0,994.958,1005.058,0.0,0
94,600,111.9,1,0,1,0,1,59.321,0.0,1,0,0,0,0,46.256,0.0,1,0,0,0,0,46.254,0.0,0,0,1,1,0,28.67,0.0,0,1,0,0,0,46.31,0.0,13.15,79.001,0.0,0.0,0.0,2.8,250.0,995.075,1005.175,0.0,0
94,1200,111.9,1,0,1,0,1,59.281,0.0,1,0,0,0,0,46.357,0.0,1,0,0,0,0,46.42,0.0,0,0,1,1,0,12.94,0.0,0,1,0,0,0,46.315,0.0,13.117,78.334,0.0,0.0,0.0,2.933,250.0,995.192,1005.292,0.0,0
94,1800,111.9,1,0,1,0,1,59.194,0.0,1,0,0,0,0,47.967,0.0,1,0,1,0,0,49.908,0.0,0,0,1,1,0,12.923,0.0,0,1,0,0,0,46.117,0.0,13.083,77.667,0.0,0.0,0.0,3.067,250.0,995.308,1005.408,0.0,0
94,2400,111.9,1,0,1,0,1,59.084,0.0,1,1,0,0,0,89.651,0.0,1,0,1,0,0,52.675,0.0,0,0,1,1,0,12.957,0.0,0,1,0,0,0,46.178,0.0,13.05,77.001,0.0,0.0,0.0,3.2,250.0,995.425,1005.525,0.0,0
94,3000,111.9,1,0,1,0,1,59.191,0.0,1,0,0,0,1,49.57,0.0,0,0,1,0,1,16.054,0.0,0,0,1,1,0,13.427,0.0,0,1,0,0,0,28.9,0.0,13.017,76.334,0.0,0.0,0.0,3.333,250.0,995.542,1005.642,0.0,0
95,0,111.9,1,0,1,0,1,59.156,0.0,1,0,0,0,1,52.745,0.0,0,0,1,0,1,12.949,0.0,0,0,1,1,1,19.477,0.0,0,0,0,0,0,0.0,0.0,12.975,75.334,0.0,0.0,0.0,3.333,250.0,995.658,1005.767,0.0,0
95,600,111.9,1,0,0,0,1,57.583,0.0,0,0,0,0,1,26.252,0.0,0,0,1,0,1,12.962,0.0,0,0,1,0,1,15.776,0.0,0,0,0,0,0,0.0,0.0,12.925,74.001,0.0,0.0,0.0,3.2,250.0,995.775,1005.9,0.0,0
95,1200,111.9,1,0,0,1,1,74.464,0.0,0,0,0,0,1,6.467,0.0,0,0,1,0,1,12.96,0.0,0,0,1,0,1,12.924,0.0,0,0,0,0,0,0.0,0.0,12.875,72.668,0.0,0.0,0.0,3.067,250.0,995.892,1006.033,0.0,0
95,1800,111.9,1,1,0,1,1,83.863,0.0,0,0,0,0,1,6.456,0.0,0,0,1,0,1,12.931,0.0,0,0,1,1,1,14.582,0.0,0,0,0,0,0,1.175,0.0,12.825,71.334,0.0,0.0,0.0,2.933,250.0,996.008,1006.167,0.0,0
95,2400,111.9,1,0,0,1,1,74.139,0.0,0,0,0,0,1,26.661,0.0,0,0,1,0,1,12.947,0.0,0,0,0,1,1,12.946,0.0,0,0,0,0,1,6.471,0.0,12.775,70.001,0.0,0.0,0.0,2.8,250.0,996.125,1006.3,0.0,0
95,3000,111.9,1,1,1,1,1,111.892,0.0,0,1,0,0,1,52.768,0.0,0,0,1,0,1,20.731,0.0,0,0,0,1,1,12.473,0.0,0,0,0,0,0,3.215,0.0,12.725,68.668,0.0,0.0,0.0,2.667,250.0,996.242,1006.433,0.0,0
96,0,84.5,1,1,1,1,1,111.738,0.0,0,0,0,0,1,21.079,0.0,0,1,1,0,1,59.178,0.0,0,0,0,0,1,6.461,0.0,0,0,0,0,0,0.0,0.0,12.642,67.917,0.0,0.0,0.0,2.567,250.0,996.325,1006.525,0.0,0
96,600,84.5,1,1,1,1,1,111.954,0.0,0,0,0,0,0,0.518,0.0,0,1,1,0,1,59.361,0.0,0,0,0,0,1,6.494,0.0,0,0,0,0,0,0.0,0.0,12.525,67.75,0.0,0.0,0.0,2.5,250.0,996.375,1006.575,0.0,0
96,1200,84.5,1,1,1,1,1,111.503,0.0,1,0,0,0,0,31.037,0.0,0,1,1,0,1,57.527,0.0,0,0,0,0,1,6.465,0.0,0,0,0,0,0,0.0,0.0,12.408,67.583,0.0,0.0,0.0,2.433,250.0,996.425,1006.625,0.0,0
96,1800,84.5,1,1,1,1,1,112.276,0.0,1,0,0,0,0,46.198,0.0,0,1,1,0,0,52.63,0.0,0,0,0,0,1,6.465,0.0,0,0,0,0,0,2.973,0.0,12.292,67.417,0.0,0.0,0.0,2.367,250.0,996.475,1006.675,0.0,0
96,2400,84.5,1,1,1,0,1,106.655,0.0,1,0,0,0,0,46.222,0.0,0,1,1,0,0,52.554,0.0,0,0,0,0,1,4.677,0.0,0,0,0,0,0,0.95,0.0,12.175,67.25,0.0,0.0,0.0,2.3,250.0,996.525,1006.725,0.0,0
96,3000,84.5,1,1,1,0,1,105.382,0.0,1,0,0,0,0,46.226,0.0,0,1,0,0,0,48.805,0.0,0,0,0,0,0,0.0,0.0,0,0,0,0,0,0.0,0.0,12.058,67.083,0.0,0.0,0.0,2.233,250.0,996.575,1006.775,0.0,0
97,0,84.5,0,1,1,0,1,74.324,0.0,1,0,0,0,0,46.388,0.0,0,1,0,0,0,46.165,0.0,0,0,0,0,0,0.0,0.0,0,0,0,0,0,0.0,0.0,11.958,66.75,0.0,0.0,0.0,2.133,270.0,996.575,1006.775,0.0,0
97,600,84.5,0,1,1,0,1,59.045,0.0,1,0,0,0,0,46.256,0.0,0,1,0,0,0,46.254,0.0,0,0,0,0,0,0.0,0.0,0,0,0,0,0,0.0,0.0,11.875,66.25,0.0,0.0,0.0,2.0,270.0,996.525,1006.725,0.0,0
97,1200,84.5,0,1,1,0,1,59.226,0.0,1,0,0,0,0,46.172,0.0,0,1,0,0,0,46.207,0.0,0,0,0,0,0,0.0,0.0,0,0,0,0,0,0.0,0.0,11.792,65.75,0.0,0.0,0.0,1.867,270.0,996.475,1006.675,0.0,0
97,1800,84.5,0,0,1,0,1,16.135,0.0,1,0,0,0,0,46.117,0.0,0,1,0,0,0,46.128,0.0,0,0,0,0,0,0.0,0.0,0,0,0,0,0,0.0,0.0,11.708,65.25,0.0,0.0,0.0,1.733,270.0,996.425,1006.625,0.0,0
97,2400,84.5,0,0,1,0,1,12.932,0.0,1,0,0,0,0,46.121,0.0,0,1,0,0,0,46.372,0.0,0,0,0,0,0,0.0,0.0,0,0,0,0,0,0.0,0.0,11.625,64.75,0.0,0.0,0.0,1.6,270.0,996.375,1006.575,0.0,0
97,3000,84.5,0,0,1,0,1,12.938,0.0,1,0,0,0,0,46.19,0.0,0,1,0,0,0,34.429,0.0,0,0,0,0,0,0.0,0.0,0,0,0,0,0,0.0,0.0,11.542,64.25,0.0,0.0,0.0,1.467,270.0,996.325,1006.525,0.0,0
98,0,84.5,0,0,1,0,1,12.961,0.0,1,0,0,0,0,46.244,0.0,0,0,0,0,0,0.0,0.0,0,0,0,0,0,0.0,0.0,0,0,0,0,0,0.0,0.0,11.475,64.333,0.0,0.0,0.0,1.45,270.0,996.325,1006.525,0.0,0
98,600,84.5,0,0,1,0,1,12.986,0.0,1,0,0,0,0,46.217,0.0,0,0,0,0,0,0.0,0.0,0,0,0,0,0,0.0,0.0,0,0,0,0,0,0.0,0.0,11.425,64.999,0.0,0.0,0.0,1.55,270.0,996.375,1006.575,0.0,0
98,1200,84.5,0,0,1,1,1,18.644,0.0,1,0,0,0,0,46.105,0.0,0,0,0,0,0,0.0,0.0,0,0,0,0,0,0.0,0.0,0,0,0,0,0,0.0,0.0,11.375,65.666,0.0,0.0,0.0,1.65,270.0,996.425,1006.625,0.0,0
98,1800,84.5,0,0,1,1,1,19.367,0.0,1,0,0,0,0,46.411,0.0,0,0,0,0,0,0.0,0.0,0,0,0,0,0,0.0,0.0,0,0,0,0,0,0.0,0.0,11.325,66.333,0.0,0.0,0.0,1.75,270.0,996.475,1006.675,0.0,0
98,2400,84.5,0,0,1,1,1,19.388,0.0,1,0,0,0,0,46.199,0.0,0,0,0,0,0,0.0,0.0,0,0,0,0,0,0.0,0.0,0,0,0,0,0,0.0,0.0,11.275,66.999,0.0,0.0,0.0,1.85,270.0,996.525,1006.725,0.0,0
98,3000,84.5,0,0,1,1,1,19.417,0.0,1,0,0,0,0,45.424,0.0,0,0,0,0,0,0.0,0.0,0,0,0,0,0,0.0,0.0,0,0,0,0,0,0.0,0.0,11.225,67.666,0.0,0.0,0.0,1.95,270.0,996.575,1006.775,0.0,0
99,0,84.5,0,0,1,1,1,19.474,0.0,0,0,0,0,0,0.0,0.0,0,0,0,0,0,0.0,0.0,0,0,0,0,0,0.0,0.0,0,0,0,0,0,0.0,0.0,11.167,68.666,0.0,0.0,0.0,1.967,290.0,996.642,1006.85,0.0,0
99,600,84.5,0,0,1,1,1,19.467,0.0,0,0,0,0,0,0.0,0.0,0,0,0,0,0,0.0,0.0,0,0,0,0,0,0.0,0.0,0,0,0,0,0,0.0,0.0,11.1,69.999,0.0,0.0,0.0,1.9,290.0,996.725,1006.95,0.0,0
99,1200,84.5,0,0,1,1,1,19.471,0.0,0,0,0,0,0,0.0,0.0,0,0,0,0,0,0.0,0.0,0,0,0,0,0,0.0,0.0,0,0,0,0,0,0.0,0.0,11.033,71.332,0.0,0.0,0.0,1.833,290.0,996.808,1007.05,0.0,0
99,1800,84.5,0,0,1,0,1,13.397,0.0,0,0,0,0,0,0.0,0.0,0,0,0,0,0,0.0,0.0,0,0,0,0,0,0.0,0.0,0,0,0,0,0,0.0,0.0,10.967,72.666,0.0,0.0,0.0,1.767,290.0,996.892,1007.15,0.0,0
99,2400,84.5,0,0,1,0,1,12.945,0.0,0,0,0,0,0,0.0,0.0,0,0,0,0,0,0.0,0.0,0,0,0,0,0,0.0,0.0,0,0,0,0,0,0.0,0.0,10.9,73.999,0.0,0.0,0.0,1.7,290.0,996.975,1007.25,0.0,0
99,3000,84.5,0,0,1,0,1,12.971,0.0,0,0,0,0,0,0.0,0.0,0,0,0,0,0,0.0,0.0,0,0,0,0,0,0.0,0.0,0,0,0,0,0,0.0,0.0,10.833,75.332,0.0,0.0,0.0,1.633,290.0,997.058,1007.35,0.0,0
100,0,84.5,0,0,1,0,1,12.912,0.0,0,0,0,0,0,0.0,0.0,0,0,0,0,0,0.0,0.0,0,0,0,0,0,0.0,0.0,0,0,0,0,0,0.0,0.0,10.75,76.499,0.0,0.0,0.0,1.583,270.0,997.125,1007.425,0.0,0
100,600,84.5,0,0,1,0,1,12.97,0.0,0,0,0,0,0,0.0,0.0,0,0,0,0,0,0.0,0.0,0,0,0,0,0,0.0,0.0,0,0,0,0,0,0.0,0.0,10.65,77.499,0.0,0.0,0.0,1.55,270.0,997.175,1007.475,0.0,0
100,1200,84.5,0,0,1,0,1,12.956,0.0,0,0,0,0,0,0.0,0.0,0,0,0,0,0,0.0,0.0,0,0,0,0,0,0.0,0.0,0,0,0,0,1,3.482,0.0,10.55,78.499,0.0,0.0,0.0,1.517,270.0,997.225,1007.525,0.0,0
100,1800,84.5,0,0,1,1,1,17.969,0.0,0,0,0,0,0,0.0,0.0,0,0,0,0,0,0.0,0.0,0,0,0,0,0,0.0,0.0,0,0,0,0,1,6.467,0.0,10.45,79.499,0.0,0.0,0.0,1.483,270.0,997.275,1007.575,0.0,0
100,2400,84.5,0,0,1,1,1,19.305,0.0,0,0,0,0,0,0.0,0.0,0,0,0,0,0,0.0,0.0,0,0,0,0,0,0.0,0.0,0,0,0,0,1,6.487,0.0,10.35,80.499,0.0,0.0,0.0,1.45,270.0,997.325,1007.625,0.0,0
100,3000,84.5,0,0,1,1,1,19.459,0.0,0,0,0,0,0,0.0,0.0,0,0,0,0,1,4.774,0.0,0,0,0,0,0,0.0,0.0,0,0,0,0,1,6.475,0.0,10.25,81.499,0.0,0.0,0.0,1.417,270.0,997.375,1007.675,0.0,0
101,0,84.5,0,0,1,1,1,19.379,0.0,0,0,0,0,0,0.0,0.0,0,0,0,0,1,6.488,0.0,0,0,0,0,0,0.0,0.0,0,0,0,0,1,6.458,0.0,10.192,82.25,0.0,0.0,0.0,1.433,290.0,997.475,1007.775,0.002,0
101,600,84.5,0,0,1,1,1,19.422,0.0,0,0,0,0,0,0.0,0.0,0,0,0,0,1,6.483,0.0,0,0,0,0,0,0.0,0.0,0,0,0,0,1,6.472,0.0,10.175,82.75,0.0,0.0,0.0,1.5,290.0,997.625,1007.925,0.005,0
101,1200,84.5,0,0,1,1,1,19.389,0.0,0,0,0,0,0,0.0,0.0,0,0,0,0,1,6.488,0.0,0,0,0,0,0,0.0,0.0,0,0,0,0,1,6.511,0.0,10.158,83.25,0.0,0.0,0.0,1.567,290.0,997.775,1008.075,0.008,0
101,1800,84.5,0,0,1,1,0,14.823,0.0,0,0,0,0,0,0.0,0.0,0,0,0,0,1,6.475,0.0,0,0,0,0,0,0.0,0.0,0,0,0,0,1,4.355,0.0,10.142,83.75,0.0,0.0,0.0,1.633,290.0,997.925,1008.225,0.012,0
101,2400,84.5,0,0,1,1,0,12.953,0.0,0,0,0,0,0,0.0,0.0,0,0,0,0,1,6.46,0.0,0,0,0,0,0,0.0,0.0,0,0,0,0,0,0.0,0.0,10.125,84.25,0.0,0.0,0.0,1.7,290.0,998.075,1008.375,0.015,0
101,3000,84.5,0,0,1,1,0,12.965,0.0,0,0,0,0,0,0.0,0.0,0,0,0,0,1,6.454,0.0,0,0,0,0,0,0.0,0.0,0,0,0,0,0,0.0,0.0,10.108,84.75,0.0,0.0,0.0,1.767,290.0,998.225,1008.525,0.018,0
102,0,84.5,0,0,0,1,0,7.207,0.917,0,0,0,0,0,0.0,0.958,0,0,0,0,1,6.485,0.923,0,0,0,0,0,0.0,0.895,0,0,0,0,0,0.0,0.928,10.167,85.0,0.0,0.0,0.0,1.808,270.0,998.358,1008.658,0.047,0
102,600,84.5,0,0,0,1,0,6.476,2.103,0,0,0,0,0,0.0,2.109,0,0,0,0,1,6.476,2.036,0,0,0,0,0,0.0,2.06,0,0,0,0,0,0.0,2.025,10.3,85.0,0.0,0.0,0.0,1.825,270.0,998.475,1008.775,0.102,0
102,1200,84.5,0,0,0,1,0,6.479,3.146,0,0,0,0,0,0.0,3.145,0,0,0,0,1,6.467,3.134,0,0,0,0,0,0.0,3.158,0,0,0,0,0,2.414,3.138,10.433,85.0,0.0,0.0,0.0,1.842,270.0,998.592,1008.892,0.157,0
102,1800,84.5,0,0,0,1,0,6.468,4.25,0,0,0,0,0,0.0,4.252,0,0,0,0,1,6.476,4.247,0,0,0,0,0,0.0,4.219,0,1,0,0,0,46.22,4.241,10.567,85.0,0.0,0.0,0.0,1.858,270.0,998.708,1009.008,0.212,0
102,2400,84.5,0,0,0,1,0,6.474,5.348,0,0,0,0,0,0.0,5.349,0,0,0,0,1,6.467,5.386,0,0,0,0,0,0.0,5.344,0,1,0,0,0,46.267,5.347,10.7,85.0,0.0,0.0,0.0,1.875,270.0,998.825,1009.125,0.267,0
102,3000,84.5,0,0,0,1,0,6.48,6.448,0,0,0,0,0,0.0,6.432,0,0,0,0,1,6.472,6.426,0,0,0,0,0,0.0,6.439,0,1,0,0,0,46.096,6.444,10.833,85.0,0.0,0.0,0.0,1.892,270.0,998.942,1009.242,0.322,0
103,0,111.9,0,0,0,1,0,9.581,8.161,0,0,0,1,1,9.858,8.134,0,1,0,0,1,35.059,8.077,0,0,0,0,0,0.0,8.13,0,1,0,0,0,46.053,8.148,11.083,84.085,0.0,0.0,0.0,1.967,250.0,999.033,1009.325,0.407,0
103,600,111.9,1,0,0,1,1,60.902,10.396,0,0,0,1,1,30.056,10.38,0,1,0,0,1,52.702,10.349,0,0,0,0,0,2.501,10.362,0,1,0,0,0,46.351,10.396,11.45,82.252,0.0,0.0,0.0,2.1,250.0,999.1,1009.375,0.52,0
103,1200,111.9,1,0,0,1,1,59.202,12.643,0,0,0,1,1,12.962,12.636,0,1,0,0,1,52.625,12.695,0,0,0,1,0,6.482,12.714,0,1,0,0,0,46.397,12.684,11.816,80.418,0.0,0.0,0.0,2.233,250.0,999.167,1009.425,0.633,0
103,1800,111.9,1,0,0,1,1,51.809,14.941,0,0,0,1,1,20.586,14.912,0,1,0,0,1,50.689,14.929,0,0,0,1,0,6.477,14.925,0,1,0,0,0,57.984,14.917,12.183,78.585,0.0,0.0,0.0,2.367,250.0,999.233,1009.475,0.747,0
103,2400,111.9,1,0,0,1,1,59.207,17.226,0,1,0,1,0,55.42,17.212,0,1,0,0,0,46.23,17.229,0,0,0,1,0,6.104,17.191,1,1,0,0,0,92.352,17.201,12.55,76.752,0.0,0.0,0.0,2.5,250.0,999.3,1009.525,0.86,0
103,3000,111.9,0,0,0,1,1,15.77,19.47,0,1,0,1,0,52.669,19.445,0,0,0,0,0,17.226,19.505,0,0,0,0,0,0.0,19.454,1,1,0,0,0,92.451,19.471,12.916,74.918,0.0,0.0,0.0,2.633,250.0,999.367,1009.575,0.973,0
104,0,111.9,0,0,0,1,1,14.672,21.621,0,1,0,1,0,52.785,21.599,0,0,0,0,0,0.0,21.593,1,0,0,0,0,33.243,21.63,1,1,0,0,0,94.95,21.58,13.3,72.586,0.0,0.0,0.0,2.717,270.0,999.408,1009.6,1.081,0
104,600,111.9,0,1,1,1,0,42.394,23.639,0,1,0,1,0,70.297,23.649,0,1,0,0,0,30.499,23.663,1,0,1,0,0,71.53,23.654,1,1,1,0,1,103.472,23.632,13.7,69.752,0.0,0.0,0.0,2.75,270.0,999.425,1009.6,1.182,0
104,1200,111.9,0,1,1,1,0,59.434,25.71,0,1,0,1,0,54.357,25.69,0,1,0,0,0,46.156,25.688,1,1,1,1,0,105.437,25.667,1,1,0,0,1,99.716,25.675,14.1,66.919,0.0,0.0,0.0,2.783,270.0,999.442,1009.6,1.284,0
104,1800,111.9,0,1,1,1,1,65.622,27.726,1,0,1,1,0,49.845,27.719,0,1,0,1,0,60.431,27.743,1,1,1,1,0,105.34,27.767,1,1,1,0,1,104.734,27.688,14.5,64.086,0.0,0.0,0.0,2.817,270.0,999.458,1009.6,1.386,0
104,2400,111.9,1,1,1,1,1,111.172,29.756,1,0,1,1,0,49.165,29.731,1,1,1,1,1,106.367,29.746,1,1,1,1,0,105.597,29.735,1,1,1,0,1,105.843,29.729,14.9,61.252,0.0,0.0,0.0,2.85,270.0,999.475,1009.6,1.487,0
104,3000,111.9,1,1,1,1,1,111.986,31.743,0,0,1,1,0,19.246,31.774,1,1,1,1,1,111.992,31.79,1,1,1,1,0,105.276,31.772,1,1,1,0,1,102.659,31.786,15.3,58.419,0.0,0.0,0.0,2.883,270.0,999.492,1009.6,1.589,0
105,0,111.9,1,1,1,1,1,111.85,34.199,1,1,1,1,1,89.855,34.218,1,1,1,1,1,111.39,34.251,1,1,1,1,0,105.093,34.207,1,1,1,0,0,98.749,34.23,15.7,55.669,0.0,0.0,0.0,3.091,250.0,999.533,1009.625,1.711,0
105,600,111.9,1,1,1,1,1,111.999,37.023,1,1,1,1,1,111.898,37.096,1,1,1,1,1,96.315,37.039,1,1,1,1,0,105.339,37.052,1,1,1,0,0,98.903,37.066,16.1,53.002,0.0,0.0,0.0,3.475,250.0,999.6,1009.675,1.852,0
105,1200,111.9,1,1,1,1,1,111.704,39.875,1,1,1,1,0,108.446,39.892,1,1,1,0,1,106.005,39.93,1,1,1,1,0,105.181,39.872,1,1,1,0,0,99.099,39.881,16.5,50.336,0.0,0.0,0.0,3.858,250.0,999.667,1009.725,1.994,0
105,1800,111.9,1,1,1,1,1,111.499,42.73,1,0,1,1,1,75.663,42.723,1,1,1,0,1,105.803,42.668,1,1,1,1,1,110.645,42.698,1,1,1,1,0,104.482,42.703,16.9,47.669,0.0,0.0,0.0,4.241,250.0,999.733,1009.775,2.136,0
105,2400,111.9,1,1,1,1,1,112.134,45.538,1,0,1,1,1,65.817,45.551,1,1,1,0,1,105.147,45.498,1,1,0,1,1,95.687,45.556,1,0,1,1,0,59.085,45.54,17.3,45.002,0.0,0.0,0.0,4.625,250.0,999.8,1009.825,2.277,0
105,3000,111.9,1,1,1,1,1,111.811,48.367,1,0,1,1,1,65.604,48.373,1,0,0,0,1,54.952,48.357,1,1,0,0,0,70.921,48.365,0,0,0,1,1,31.357,48.364,17.7,42.336,0.0,0.0,0.0,5.008,250.0,999.867,1009.875,2.419,0
106,0,111.9,1,0,1,1,1,68.257,49.931,0,1,1,1,1,79.064,49.934,1,0,0,0,1,72.65,49.939,1,0,0,0,1,50.654,49.941,0,0,0,1,1,12.952,49.927,17.992,40.584,0.0,0.0,0.0,5.217,270.0,999.892,1009.883,2.532,0
106,600,111.9,1,0,1,1,1,63.75,50.0,0,1,1,1,1,65.513,50.0,1,1,0,0,1,98.803,50.0,1,0,0,0,1,50.251,50.0,0,0,0,1,1,12.946,50.0,18.175,39.751,0.0,0.0,0.0,5.25,270.0,999.875,1009.85,2.617,0
106,1200,111.9,1,0,1,0,1,59.187,50.0,0,1,1,1,1,65.59,50.0,1,1,0,0,1,100.555,50.0,1,0,0,0,0,46.198,50.0,1,0,0,1,1,56.16,50.0,18.358,38.917,0.0,0.0,0.0,5.283,270.0,999.858,1009.817,2.702,0
106,1800,111.9,1,0,1,0,1,61.63,50.0,0,1,1,1,1,65.686,50.0,1,1,0,1,1,105.646,50.0,0,0,0,0,0,7.221,50.0,1,0,0,1,1,59.139,50.0,18.542,38.084,0.0,0.0,0.0,5.317,270.0,999.842,1009.783,2.787,0
106,2400,111.9,0,0,1,1,1,24.23,50.0,0,1,1,1,1,64.809,50.0,1,1,0,1,1,105.703,50.0,1,0,1,0,0,34.307,50.0,1,0,0,1,1,56.47,50.0,18.725,37.251,0.0,0.0,0.0,5.35,270.0,999.825,1009.75,2.872,0
106,3000,111.9,0,0,1,1,1,19.406,50.0,0,0,1,1,1,19.445,50.0,1,1,0,1,1,107.318,50.0,1,0,1,1,0,58.079,50.0,1,0,1,0,1,58.314,50.0,18.908,36.417,0.0,0.0,0.0,5.383,270.0,999.808,1009.717,2.957,0
107,0,111.9,0,0,1,1,1,19.45,50.0,0,0,1,1,1,19.468,50.0,1,1,1,1,0,96.374,50.0,1,0,1,1,1,64.296,50.0,1,0,1,0,1,59.372,50.0,19.092,35.667,0.0,0.0,0.0,5.458,290.0,999.792,1009.692,3.024,0
107,600,111.9,0,0,1,1,0,14.272,50.0,0,0,1,1,1,19.406,50.0,1,0,1,1,0,76.455,50.0,1,0,1,1,1,67.207,50.0,1,0,1,0,1,57.649,50.0,19.275,35.001,0.0,0.0,0.0,5.575,290.0,999.775,1009.675,3.072,0
107,1200,111.9,0,0,1,1,1,17.086,50.0,0,0,1,1,1,39.556,50.0,1,1,0,1,1,108.173,50.0,1,1,1,1,1,109.859,50.0,1,0,1,0,1,59.128,50.0,19.458,34.334,0.0,0.0,0.0,5.692,290.0,999.758,1009.658,3.121,0
107,1800,111.9,0,1,1,1,1,44.963,50.0,1,0,1,1,1,65.797,50.0,1,1,1,1,1,111.982,50.0,1,1,1,1,1,88.969,50.0,1,0,1,0,1,59.137,50.0,19.642,33.667,0.0,0.0,0.0,5.808,290.0,999.742,1009.642,3.169,0
107,2400,111.9,0,1,1,1,1,65.635,50.0,1,1,1,1,1,92.399,50.0,1,1,1,1,1,111.966,50.0,0,1,1,1,1,65.634,50.0,1,0,1,0,1,58.953,50.0,19.825,33.001,0.0,0.0,0.0,5.925,290.0,999.725,1009.625,3.217,0
107,3000,111.9,0,1,0,1,1,60.64,50.0,1,0,1,0,0,52.746,50.0,1,1,1,1,1,104.2,50.0,0,1,1,1,1,69.914,50.0,1,1,1,0,1,99.546,50.0,20.008,32.334,0.0,0.0,0.0,6.042,290.0,999.708,1009.608,3.266,0
108,0,111.9,0,1,0,1,1,62.505,50.0,1,0,1,0,0,52.655,50.0,0,1,1,1,1,76.638,50.0,1,1,1,1,1,112.019,50.0,1,1,1,1,0,105.355,50.0,20.142,31.917,0.0,0.0,0.0,6.083,270.0,999.692,1009.592,3.29,0
108,600,111.9,0,1,1,1,0,59.742,50.0,1,0,1,1,0,56.855,50.0,1,1,1,1,1,111.918,50.0,1,1,1,1,1,109.044,50.0,1,1,1,1,0,105.191,50.0,20.225,31.75,0.0,0.0,0.0,6.05,270.0,999.675,1009.575,3.29,0
108,1200,111.9,0,1,1,1,0,59.136,50.0,1,0,1,1,0,59.14,50.0,1,1,1,1,1,103.749,50.0,1,1,0,1,1,102.588,50.0,1,1,1,1,0,106.146,50.0,20.308,31.583,0.0,0.0,0.0,6.017,270.0,999.658,1009.558,3.29,0
108,1800,111.9,0,1,1,1,0,59.233,50.0,1,0,1,1,0,59.183,50.0,1,1,1,1,1,112.217,50.0,1,1,1,1,0,103.751,50.0,1,1,1,0,1,106.193,50.0,20.392,31.417,0.0,0.0,0.0,5.983,270.0,999.642,1009.542,3.29,0
108,2400,111.9,0,1,1,1,0,73.878,50.0,1,0,0,1,0,53.45,50.0,1,1,1,1,1,110.007,50.0,1,1,1,1,0,104.971,50.0,1,1,1,0,1,105.634,50.0,20.475,31.25,0.0,0.0,0.0,5.95,270.0,999.625,1009.525,3.29,0
108,3000,111.9,1,1,1,1,0,108.507,50.0,1,0,1,1,0,58.193,50.0,1,1,0,1,1,105.451,50.0,1,1,1,1,0,105.372,50.0,1,1,1,0,1,105.785,50.0,20.558,31.083,0.0,0.0,0.0,5.917,270.0,999.608,1009.508,3.29,0
109,0,174.0,1,1,1,1,1,111.47,50.0,1,0,1,1,1,63.221,50.0,1,1,0,1,1,105.458,50.0,1,1,1,1,0,105.217,50.0,1,1,1,1,1,111.893,50.0,20.625,30.834,0.083,0.0,0.0,5.958,250.0,999.6,1009.5,3.28,0
109,600,174.0,1,1,1,1,1,111.367,50.0,1,0,1,1,1,65.751,50.0,1,1,0,1,1,105.816,50.0,1,1,1,0,0,101.769,50.0,1,1,1,1,1,108.674,50.0,20.675,30.5,0.25,0.0,0.0,6.075,250.0,999.6,1009.5,3.26,0
109,1200,174.0,1,1,1,1,1,111.911,50.0,1,0,1,1,1,65.679,50.0,1,1,0,1,1,103.411,50.0,1,1,1,0,0,98.68,50.0,1,1,1,1,0,105.565,50.0,20.725,30.167,0.417,0.0,0.0,6.192,250.0,999.6,1009.5,3.24,0
109,1800,174.0,1,1,1,1,1,109.464,50.0,1,1,1,1,1,105.611,50.0,1,1,0,1,0,98.886,50.0,1,1,1,0,0,84.487,50.0,1,1,1,0,0,98.8,50.0,20.775,29.834,0.583,0.0,0.0,6.308,250.0,999.6,1009.5,3.22,0
109,2400,174.0,1,1,1,1,0,105.135,50.0,0,1,1,1,1,84.015,50.0,1,1,0,1,0,102.199,50.0,1,0,1,0,1,65.5,50.0,1,1,0,0,0,92.64,50.0,20.825,29.5,0.75,0.0,0.0,6.425,250.0,999.6,1009.5,3.2,0
109,3000,174.0,1,1,1,1,0,105.103,50.0,0,1,1,1,1,65.597,50.0,1,1,0,1,0,99.313,50.0,1,1,1,1,1,111.925,50.0,1,1,1,0,0,96.677,50.0,20.875,29.167,0.917,0.0,0.0,6.542,250.0,999.6,1009.5,3.18,0
110,0,174.0,1,1,1,1,0,104.291,50.0,0,1,1,1,1,65.636,50.0,1,1,1,1,0,97.344,50.0,1,1,1,1,1,111.028,50.0,1,1,1,0,0,98.865,50.0,20.908,29.0,0.917,0.0,0.0,6.55,270.0,999.567,1009.467,3.146,0
110,600,174.0,1,0,1,1,0,59.197,50.0,0,1,1,1,1,61.558,50.0,0,1,1,1,1,64.052,50.0,1,1,1,1,0,94.922,50.0,1,1,1,0,0,98.968,50.0,20.925,29.0,0.75,0.0,0.0,6.45,270.0,999.5,1009.4,3.098,0
110,1200,174.0,1,0,1,1,0,59.251,50.0,0,0,1,1,1,19.422,50.0,1,1,1,1,1,99.874,50.0,0,1,0,1,0,52.428,50.0,1,1,0,1,0,99.137,50.0,20.942,29.0,0.583,0.0,0.0,6.35,270.0,999.433,1009.333,3.049,0
110,1800,174.0,1,0,1,1,0,74.6,50.0,0,0,1,1,1,17.95,50.0,1,1,1,1,1,112.285,50.0,0,1,1,0,0,55.25,50.0,1,1,0,1,0,98.793,50.0,20.958,29.0,0.417,0.0,0.0,6.25,270.0,999.367,1009.267,3.001,0
110,2400,174.0,1,1,1,1,1,109.217,50.0,0,1,0,1,1,45.638,50.0,1,1,1,1,1,111.99,50.0,0,1,1,0,1,71.333,50.0,1,1,0,1,0,100.954,50.0,20.975,29.0,0.25,0.0,0.0,6.15,270.0,999.3,1009.2,2.953,0
110,3000,174.0,0,1,1,1,1,64.353,50.0,0,1,0,1,1,43.56,50.0,1,1,1,1,1,112.017,50.0,1,1,1,0,1,105.459,50.0,1,1,1,1,1,109.893,50.0,20.992,29.0,0.083,0.0,0.0,6.05,270.0,999.233,1009.133,2.904,0
111,0,174.0,1,1,0,1,0,99.708,50.0,0,1,0,1,1,51.462,50.0,1,1,1,1,1,111.762,50.0,1,1,1,0,1,105.385,50.0,1,1,1,1,1,111.478,50.0,21.05,28.75,0.0,0.0,0.0,5.875,270.0,999.158,1009.05,2.848,0
111,600,174.0,1,1,0,1,0,98.843,50.0,0,1,0,1,1,59.0,50.0,1,1,1,1,1,112.2,50.0,1,1,1,0,1,105.389,50.0,1,1,1,0,1,105.455,50.0,21.15,28.25,0.0,0.0,0.0,5.625,270.0,999.075,1008.95,2.785,0
111,1200,174.0,1,1,1,1,0,100.133,50.0,0,1,0,1,1,46.905,50.0,1,1,1,1,1,111.77,50.0,1,1,1,0,1,105.673,50.0,0,1,0,0,1,70.489,50.0,21.25,27.75,0.0,0.0,0.0,5.375,270.0,998.992,1008.85,2.722,0
111,1800,174.0,1,0,1,0,0,53.619,50.0,1,1,1,1,1,110.992,50.0,1,1,1,1,0,108.537,50.0,1,1,1,0,1,105.329,50.0,1,1,0,0,1,85.621,50.0,21.35,27.25,0.0,0.0,0.0,5.125,270.0,998.908,1008.75,2.658,0
111,2400,174.0,1,0,1,1,0,59.649,50.0,1,1,1,1,1,106.608,50.0,1,1,1,1,0,99.269,50.0,1,1,1,0,1,105.036,49.999,1,1,0,0,1,94.732,49.999,21.45,26.75,0.0,0.0,0.0,4.875,270.0,998.825,1008.65,2.595,0
111,3000,174.0,1,1,1,1,0,102.994,49.947,1,1,0,1,0,99.337,49.957,1,0,1,1,1,65.694,49.947,1,1,1,0,0,101.268,49.941,1,0,0,0,1,51.823,49.947,21.55,26.25,0.0,0.0,0.0,4.625,270.0,998.742,1008.55,2.532,0
112,0,174.0,1,1,1,1,0,105.377,49.003,1,1,0,1,0,98.959,49.01,1,0,1,1,0,59.764,49.005,1,1,1,0,0,98.265,48.987,1,0,0,0,0,48.064,48.979,21.558,26.083,0.0,0.0,0.0,4.517,250.0,998.7,1008.508,2.452,0
112,600,174.0,1,1,1,1,0,105.433,47.102,1,1,0,1,0,98.974,47.081,1,1,1,1,0,96.162,47.046,1,1,1,1,0,104.1,47.103,1,0,1,1,0,58.037,47.096,21.475,26.25,0.0,0.0,0.0,4.55,250.0,998.7,1008.525,2.355,0
112,1200,174.0,1,1,1,1,0,108.299,45.166,1,1,1,1,0,102.624,45.177,1,1,1,1,0,105.499,45.126,1,1,1,1,0,105.094,45.186,1,0,1,1,0,58.693,45.191,21.392,26.417,0.0,0.0,0.0,4.583,250.0,998.7,1008.542,2.258,0
112,1800,174.0,1,1,0,1,1,105.71,43.218,1,1,1,1,0,107.976,43.238,1,1,1,1,0,107.777,43.24,1,1,1,1,0,98.274,43.233,1,0,1,1,0,66.623,43.226,21.308,26.583,0.0,0.0,0.0,4.617,250.0,998.7,1008.558,2.162,0
112,2400,174.0,1,1,1,1,0,104.116,41.356,1,1,1,1,1,111.945,41.304,1,1,1,1,1,111.81,41.291,0,1,1,1,0,59.116,41.289,1,1,1,1,0,105.79,41.287,21.225,26.75,0.0,0.0,0.0,4.65,250.0,998.7,1008.575,2.065,0
112,3000,174.0,1,0,1,1,0,60.155,39.382,1,1,1,1,1,109.782,39.332,1,0,1,1,1,79.083,39.385,0,0,0,1,0,28.217,39.393,1,1,1,1,0,105.547,39.357,21.142,26.917,0.0,0.0,0.0,4.683,250.0,998.7,1008.592,1.968,0
113,0,174.0,1,0,1,1,0,58.956,36.489,1,1,0,0,1,100.058,36.534,1,0,1,1,1,73.55,36.526,1,0,0,1,0,52.834,36.521,1,1,1,1,0,102.202,36.512,20.992,27.499,0.166,0.0,0.0,4.658,250.0,998.725,1008.625,1.852,0
113,600,174.0,1,0,1,1,0,59.261,32.863,1,1,0,0,1,99.839,32.871,1,1,1,1,1,111.803,32.883,1,0,0,1,0,52.62,32.855,0,1,1,0,0,61.179,32.87,20.775,28.499,0.5,0.0,0.0,4.575,250.0,998.775,1008.675,1.715,0
113,1200,174.0,1,1,1,1,0,101.433,29.356,1,1,1,0,1,104.889,29.348,1,1,0,1,1,105.693,29.3,1,0,0,1,1,58.838,29.307,0,1,1,1,0,59.081,29.333,20.559,29.499,0.833,0.0,0.0,4.492,250.0,998.825,1008.725,1.578,0
113,1800,174.0,1,1,1,1,0,105.723,25.943,1,1,1,0,0,100.876,25.967,1,1,0,1,1,102.86,25.965,1,0,0,1,1,59.011,25.984,0,1,1,1,0,65.468,26.024,20.342,30.499,1.166,0.0,0.0,4.408,250.0,998.875,1008.775,1.442,0
113,2400,174.0,1,1,1,1,0,82.754,22.784,1,1,1,1,0,105.427,22.789,1,1,1,0,1,107.866,22.759,1,1,0,1,1,89.125,22.776,1,1,0,1,0,99.564,22.775,20.125,31.499,1.5,0.0,0.0,4.325,250.0,998.925,1008.825,1.305,0
113,3000,174.0,0,1,1,1,0,59.224,19.725,1,1,1,1,0,98.266,19.76,1,1,1,1,1,111.611,19.742,1,0,0,1,1,79.796,19.73,1,1,0,1,0,99.291,19.768,19.909,32.499,1.833,0.0,0.0,4.242,250.0,998.975,1008.875,1.168,0
114,0,111.9,0,1,1,1,1,63.011,17.606,1,0,1,1,0,59.05,17.603,1,1,1,1,1,112.018,17.624,1,0,0,1,1,59.223,17.63,1,1,0,1,0,96.691,17.598,19.617,33.333,1.834,0.0,0.0,4.125,250.0,999.042,1008.95,1.043,0
114,600,111.9,0,1,1,1,1,76.946,16.205,1,0,1,1,0,56.856,16.255,1,1,1,1,1,111.955,16.182,1,0,0,1,1,59.124,16.263,1,0,0,1,0,52.934,16.206,19.25,33.999,1.5,0.0,0.0,3.975,250.0,999.125,1009.05,0.93,0
114,1200,111.9,1,1,1,1,1,111.469,14.714,1,0,0,1,1,56.782,14.708,0,1,1,1,1,79.948,14.717,1,0,0,1,1,59.187,14.733,1,0,0,0,0,48.609,14.723,18.884,34.666,1.167,0.0,0.0,3.825,250.0,999.208,1009.15,0.817,0
114,1800,111.9,1,1,1,1,1,111.31,13.063,1,0,1,1,1,64.176,13.088,0,1,1,1,1,59.788,13.119,1,0,0,1,0,54.044,13.084,1,0,0,0,0,46.183,13.065,18.517,35.333,0.834,0.0,0.0,3.675,250.0,999.292,1009.25,0.703,0
114,2400,111.9,1,1,1,1,1,110.775,11.302,1,0,1,0,1,44.512,11.311,0,0,1,1,1,26.781,11.299,1,0,0,1,0,52.681,11.302,1,0,0,0,0,50.78,11.286,18.15,35.999,0.5,0.0,0.0,3.525,250.0,999.375,1009.35,0.59,0
114,3000,111.9,1,1,1,1,1,111.398,9.405,0,0,1,0,1,12.953,9.4,0,1,1,0,1,59.29,9.403,1,0,0,1,1,57.874,9.431,1,1,1,1,0,104.635,9.403,17.784,36.666,0.167,0.0,0.0,3.375,250.0,999.458,1009.45,0.477,0
115,0,111.9,1,1,1,1,1,111.518,7.634,0,0,1,0,1,12.943,7.676,0,1,1,0,1,68.991,7.654,1,0,0,1,1,50.379,7.648,1,1,1,1,0,106.369,7.659,17.492,37.416,0.166,0.0,0.0,3.184,250.0,999.533,1009.542,0.388,0
115,600,111.9,1,1,1,1,1,103.632,6.165,0,0,1,0,1,12.914,6.216,1,1,1,0,1,105.246,6.187,0,0,0,1,1,11.617,6.191,1,1,1,1,1,111.471,6.198,17.275,38.249,0.5,0.0,0.0,2.95,250.0,999.6,1009.625,0.323,0
115,1200,111.9,1,0,1,1,1,65.812,4.784,0,0,1,0,1,12.947,4.785,1,1,1,0,1,105.305,4.782,0,0,0,1,0,6.493,4.787,1,1,1,1,0,105.126,4.787,17.059,39.083,0.833,0.0,0.0,2.717,250.0,999.667,1009.708,0.258,0
115,1800,111.9,1,0,1,1,1,65.463,3.506,0,0,0,0,1,9.179,3.465,1,1,1,0,1,105.163,3.498,0,0,0,1,0,6.463,3.451,1,1,1,1,0,103.724,3.474,16.842,39.916,1.166,0.0,0.0,2.484,250.0,999.733,1009.792,0.193,0
115,2400,111.9,1,0,1,1,1,65.019,2.27,0,0,0,0,1,6.458,2.254,1,1,1,0,1,102.429,2.188,0,0,0,1,0,6.485,2.234,1,1,0,1,0,98.966,2.237,16.625,40.749,1.5,0.0,0.0,2.25,250.0,999.8,1009.875,0.128,0
115,3000,111.9,1,0,1,1,1,63.268,1.089,0,0,0,0,1,6.469,1.086,0,1,0,0,1,72.549,1.059,0,0,0,1,0,6.482,1.074,1,0,0,1,0,72.404,1.049,16.409,41.583,1.833,0.0,0.0,2.017,250.0,999.867,1009.958,0.063,0
116,0,111.9,1,0,1,1,1,65.626,0.0,0,0,0,0,1,6.463,0.0,0,1,0,0,1,52.763,0.0,0,0,0,1,0,6.484,0.0,1,0,0,1,0,52.771,0.0,16.2,42.333,1.834,0.0,0.0,1.942,270.0,999.967,1010.067,0.028,0
116,600,111.9,1,0,0,1,0,54.702,0.0,0,1,0,0,1,33.84,0.0,0,1,0,0,1,52.735,0.0,0,0,0,1,0,6.462,0.0,1,0,0,1,0,52.587,0.0,16.0,42.999,1.5,0.0,0.0,2.025,270.0,1000.1,1010.2,0.023,0
116,1200,111.9,1,0,0,1,0,40.95,0.0,0,1,0,0,1,52.835,0.0,0,1,0,0,1,39.469,0.0,0,0,0,1,0,11.404,0.0,1,0,0,0,0,48.888,0.0,15.8,43.666,1.167,0.0,0.0,2.108,270.0,1000.233,1010.333,0.018,0
116,1800,111.9,0,0,0,1,0,6.464,0.0,0,1,0,0,1,52.796,0.0,0,0,0,0,1,6.442,0.0,1,0,0,1,0,52.706,0.0,1,0,0,0,0,46.361,0.0,15.6,44.333,0.834,0.0,0.0,2.192,270.0,1000.367,1010.467,0.012,0
116,2400,111.9,0,0,0,1,0,6.464,0.0,0,1,0,0,1,52.714,0.0,0,0,0,0,1,16.297,0.0,1,0,0,1,0,52.73,0.0,1,0,0,0,0,46.306,0.0,15.4,44.999,0.5,0.0,0.0,2.275,270.0,1000.5,1010.6,0.008,0
116,3000,111.9,0,0,0,1,0,6.469,0.0,0,1,0,0,1,51.159,0.0,1,0,0,0,1,52.76,0.0,1,1,0,1,0,58.829,0.0,1,0,0,0,0,46.262,0.0,15.2,45.666,0.167,0.0,0.0,2.358,270.0,1000.633,1010.733,0.002,0
117,0,111.9,0,0,0,0,0,1.017,0.0,0,1,0,0,0,46.299,0.0,1,0,0,1,1,56.506,0.0,0,0,0,0,0,19.336,0.0,1,0,1,0,0,49.916,0.0,15.025,46.499,0.083,0.0,0.0,2.367,250.0,1000.725,1010.825,0.0,0
117,600,111.9,0,0,0,0,0,0.0,0.0,0,1,0,0,1,50.76,0.0,1,0,0,1,1,59.138,0.0,0,0,0,0,0,0.0,0.0,1,1,1,0,0,86.772,0.0,14.875,47.499,0.25,0.0,0.0,2.3,250.0,1000.775,1010.875,0.0,0
117,1200,111.9,0,0,0,0,0,0.0,0.0,0,1,0,0,1,52.772,0.0,1,0,0,1,0,55.218,0.0,0,0,0,0,0,0.0,0.0,1,1,1,0,0,98.876,0.0,14.725,48.499,0.417,0.0,0.0,2.233,250.0,1000.825,1010.925,0.0,0
117,1800,111.9,0,0,0,0,0,0.0,0.0,0,1,0,0,1,52.715,0.0,1,0,1,1,0,57.678,0.0,0,0,0,0,0,0.0,0.0,0,1,1,0,0,62.056,0.0,14.575,49.499,0.583,0.0,0.0,2.167,250.0,1000.875,1010.975,0.0,0
117,2400,111.9,0,0,0,0,0,0.0,0.0,0,1,0,0,1,52.7,0.0,0,0,1,1,0,12.952,0.0,0,0,0,0,0,0.0,0.0,0,1,1,0,0,39.959,0.0,14.425,50.499,0.75,0.0,0.0,2.1,250.0,1000.925,1011.025,0.0,0
117,3000,111.9,0,0,0,0,0,0.0,0.0,1,1,0,0,1,92.802,0.0,1,0,1,1,0,39.584,0.0,0,0,0,0,0,0.0,0.0,0,0,1,0,0,6.467,0.0,14.275,51.499,0.917,0.0,0.0,2.033,250.0,1000.975,1011.075,0.0,0
118,0,111.9,0,0,0,0,0,0.0,0.0,1,1,1,0,1,105.192,0.0,1,0,1,1,0,59.125,0.0,0,0,0,0,0,0.0,0.0,0,0,1,0,0,6.466,0.0,14.133,52.333,0.917,0.0,0.0,1.967,290.0,1001.025,1011.133,0.0,0
118,600,111.9,0,0,0,0,0,0.0,0.0,1,1,1,0,0,99.072,0.0,1,0,1,1,0,59.286,0.0,0,0,0,0,0,0.0,0.0,0,0,1,0,0,6.47,0.0,14.0,52.999,0.75,0.0,0.0,1.9,290.0,1001.075,1011.2,0.0,0
118,1200,111.9,0,0,0,0,0,0.0,0.0,1,1,1,0,0,99.3,0.0,0,0,1,1,0,13.048,0.0,0,0,0,0,0,0.0,0.0,0,0,1,0,0,6.473,0.0,13.867,53.666,0.583,0.0,0.0,1.833,290.0,1001.125,1011.267,0.0,0
118,1800,111.9,0,0,0,0,0,0.0,0.0,1,1,1,0,0,97.029,0.0,0,0,1,1,0,12.949,0.0,0,0,0,0,0,0.0,0.0,0,0,1,0,0,5.261,0.0,13.733,54.333,0.417,0.0,0.0,1.767,290.0,1001.175,1011.333,0.0,0
118,2400,111.9,0,0,0,0,0,1.827,0.0,1,1,0,0,0,92.425,0.0,0,0,1,1,0,12.949,0.0,0,0,0,0,0,0.0,0.0,0,0,0,0,1,6.491,0.0,13.6,54.999,0.25,0.0,0.0,1.7,290.0,1001.225,1011.4,0.0,0
118,3000,111.9,0,0,1,0,0,16.47,0.0,0,1,0,1,0,72.629,0.0,0,0,1,1,0,12.895,0.0,0,0,0,0,0,0.315,0.0,0,0,0,0,1,6.462,0.0,13.467,55.666,0.083,0.0,0.0,1.633,290.0,1001.275,1011.467,0.0,0
119,0,111.9,1,0,1,0,0,52.978,0.0,0,1,0,1,1,59.186,0.0,0,0,1,1,0,10.745,0.0,0,0,0,0,1,6.463,0.0,0,0,0,0,1,7.644,0.0,13.4,56.0,0.0,0.0,0.0,1.6,270.0,1001.3,1011.5,0.0,0
119,600,111.9,1,0,1,0,1,56.99,0.0,0,1,0,1,1,59.168,0.0,0,0,1,0,0,6.484,0.0,0,0,0,0,0,2.37,0.0,0,0,0,1,1,12.917,0.0,13.4,56.0,0.0,0.0,0.0,1.6,270.0,1001.3,1011.5,0.0,0
119,1200,111.9,1,0,1,0,1,59.276,0.0,0,1,0,1,1,59.227,0.0,0,0,1,0,0,6.483,0.0,0,0,0,0,0,0.0,0.0,0,0,0,1,1,12.938,0.0,13.4,56.0,0.0,0.0,0.0,1.6,270.0,1001.3,1011.5,0.0,0
119,1800,111.9,1,0,1,1,1,64.979,0.0,1,1,0,1,1,93.532,0.0,0,0,1,1,0,11.815,0.0,0,0,0,0,0,0.0,0.0,0,0,1,1,1,17.964,0.0,13.4,56.0,0.0,0.0,0.0,1.6,270.0,1001.3,1011.5,0.0,0
119,2400,111.9,1,0,1,1,1,63.691,0.0,1,1,1,1,1,110.637,0.0,0,0,1,1,0,12.975,0.0,0,0,0,0,0,0.0,0.0,0,0,1,1,1,19.468,0.0,13.4,56.0,0.0,0.0,0.0,1.6,270.0,1001.3,1011.5,0.0,0
119,3000,111.9,1,0,1,0,1,59.214,0.0,1,1,1,1,1,111.987,0.0,0,0,1,1,0,12.972,0.0,0,0,1,0,0,6.322,0.0,0,0,1,1,1,19.402,0.0,13.4,56.0,0.0,0.0,0.0,1.6,270.0,1001.3,1011.5,0.0,0
